current_rank,ticker,name,sector,2026-06-22__predicted_rank,2026-06-22__close,2026-06-22__next_snapshot_return,2026-06-20__predicted_rank,2026-06-20__close,2026-06-20__next_snapshot_return
1,AMPG,"Amplitech Group, Inc. - Common Stock",,1,8.45,,57,8.81,-0.06006674
2,ARM,Arm Holdings plc - American Depositary Shares,,2,407.72,,2,409.43,-0.072225
3,CRVO,CervoMed Inc. - Common Stock,,3,4.13,,3,4.0801,-0.0259434
4,SUNE,"SUNation Energy, Inc. - Common Stock",,4,2.61,,4,2.76,0.02352941
5,VSME,VS Media Holdings Limited - Class A Ordinary Shares,,5,2.52,,5,2.515,0.03703704
6,RXT,RACKSPACE TECHNOLOGY INC,Information Technology,6,6.835,,6,6.875,-0.0533241
7,POWI,POWER INTEGRATIONS INC,Information Technology,7,87.35,,15,89.59,0.00275514
8,TXG,10X GENOMICS INC CLASS A,Health Care,8,32.94,,47,33.8,-0.0522227
9,KEEL,Keel Infrastructure Corp. - Common Stock,,9,6.66,,36,7.005,0.05882353
10,ROKU,"Roku, Inc. - Class A Common Stock",,10,135.2,,11,135.35,-0.02078656
11,ERAS,ERASCA INC,Health Care,11,15.08,,17,15.0601,0.10314557
12,WSBC,WESBANCO INC,Financials,12,36.7,,50,36.7,0.01129788
13,CIFR,CIPHER DIGITAL INC,Information Technology,13,28.14,,22,28.6799,-0.03564085
14,MYRG,MYR GROUP INC,Industrials,14,483.08,,45,478.69,0.04766862
15,ADPT,ADAPTIVE BIOTECHNOLOGIES CORP,Health Care,15,17.37,,8,17.56,-0.00912721
16,LGND,LIGAND PHARMACEUTICALS INC,Health Care,16,262.17,,114,264.73,-0.04623836
17,POWL,POWELL INDUSTRIES INC,Industrials,17,307.8,,29,305.84,0.03566622
18,BIIB,Biogen,Health Care,18,199.71,,220,199.03,0.01592227
19,FCEL,"FuelCell Energy, Inc. - Common Stock",,19,24.39,,37,24.73,0.01455907
20,MARA,MARA HOLDINGS INC,Information Technology,20,14.85,,18,15.19,0.0443038
21,NTLA,INTELLIA THERAPEUTICS INC,Health Care,21,15.75,,58,16.27,0.0051053
22,COGT,COGENT BIOSCIENCES INC,Health Care,22,35.84,,25,35.86,0.03763752
23,CGNX,Cognex Corporation - Common Stock,,23,67.6,,24,67.145,0.02269289
24,WULF,TERAWULF INC,Information Technology,24,28.31,,21,28.68,-0.02311939
25,EBC,EASTERN BANKSHARES INC,Financials,25,20.74,,67,20.655,0.00679612
26,MRNA,Moderna,Health Care,26,59.345,,13,59.99,-0.07215447
27,DAVE,DAVE INC CLASS A,Financials,27,309.72,,53,311.17,-0.01501081
28,OUST,OUSTER INC,Information Technology,28,47.68,,7,49.97,0.02383509
29,WING,Wingstop Inc. - Common Stock,,29,156.74,,40,159.07,-0.03115342
30,AEHR,AEHR TEST SYSTEMS,Information Technology,30,113.33,,32,117.04,-0.01708586
31,MIDD,The Middleby Corporation - Common Stock,,31,166.65,,46,167.29,-0.03256705
32,FCFS,FIRSTCASH HOLDINGS INC,Financials,32,228.89,,26,229.94,0.00810394
33,PCAR,Paccar,Industrials,33,120.12,,42,119.85,0.00983607
34,TECH,Bio-Techne,Health Care,34,55.61,,23,56.31,-0.04021401
35,SOFI,"SoFi Technologies, Inc.  - Common Stock",,35,17.1,,51,17.3899,-0.04522613
36,EHGO,Eshallgo Inc. - Class A Ordinary Shares,,36,4.06,,1,3.77,1.25555556
37,BELFB,BEL FUSE INC CLASS B,Information Technology,37,304.33,,43,303.115,0.02678903
38,CVCO,CAVCO INDUSTRIES INC,Consumer Discretionary,38,587.16,,19,592.2,-0.02385663
39,CAMT,Camtek Ltd. - Ordinary Shares,,39,195.72,,78,197.42,0.00286944
40,MEDP,"Medpace Holdings, Inc. - Common Stock",,40,455.66,,176,451.84,-0.00986528
41,MRVL,Marvell Technology,Information Technology,41,307.86,,44,307.22,-0.00875781
42,POOL,Pool Corporation - Common Stock,,42,195.61,,80,194.62,-0.01698578
43,LYFT,"Lyft, Inc. - Class A Common Stock",,43,14.22,,54,14.375,-0.00420168
44,MIRM,MIRUM PHARMACEUTICALS INC,Health Care,44,107.77,,217,109.21,0.00597405
45,JBLU,JETBLUE AIRWAYS CORP,Industrials,45,5.49,,56,5.655,-0.0334507
46,ADI,Analog Devices,Information Technology,46,445.48,,121,442.885,0.02536482
47,CAR,"Avis Budget Group, Inc. - Common Stock",,47,186.28,,34,186.83,-0.01141007
48,BKNG,Booking Holdings,Consumer Discretionary,48,167.77,,31,169.42,-0.02334381
49,ACLS,AXCELIS TECHNOLOGIES INC,Information Technology,49,183.92,,52,182.67,-0.01925025
50,ARGX,argenx SE - American Depositary Shares,,50,903.75,,173,909.23,0.02965638
51,AMGN,Amgen,Health Care,51,344.72,,39,344.46,0.02109005
52,NTRA,"Natera, Inc. - Common Stock",,52,228.8,,38,226.47,-0.01127868
53,SSRM,SSR MINING INC,Materials,53,30.72,,33,30.51,-0.00743134
54,COO,Cooper Companies (The),Health Care,54,65.42,,41,65.605,-0.00743438
55,IDCC,INTERDIGITAL INC,Information Technology,55,297.84,,55,298.09,0.00608026
56,VRTX,Vertex Pharmaceuticals,Health Care,56,466.79,,89,465.745,0.0335673
57,ROAD,CONSTRUCTION PARTNERS INC CLASS A,Industrials,57,127.05,,84,126.84,0.03477765
58,NVMI,Nova Ltd. - Ordinary Shares,,58,583.1,,66,567.935,0.01354053
59,ALKS,ALKERMES,Health Care,59,46.02,,134,46.283,0.02289398
60,FTAI,FTAI Aviation Ltd. - Common Stock,,60,272.05,,30,272.925,-0.01470428
61,MCHP,Microchip Technology,Information Technology,61,102.71,,102,102.245,0.02946778
62,DASH,DoorDash,Consumer Discretionary,62,172.08,,117,176.505,-0.00795572
63,SHAZ,"SharonAI Holdings, Inc. - Class A Common Stock",,63,91.91,,62,93.585,-0.00852211
64,ROST,Ross Stores,Consumer Discretionary,64,236.97,,65,236.8,0.01791237
65,NDSN,Nordson Corporation,Industrials,65,295.06,,85,295.05,-0.00290619
66,DUOL,"Duolingo, Inc. - Class A Common Stock",,66,127.25,,125,128.25,0.0134597
67,NRIX,NURIX THERAPEUTICS INC,Health Care,67,18.65,,75,18.72,0.06267806
68,TWST,TWIST BIOSCIENCE CORP,Health Care,68,85.17,,81,85.625,-0.02729557
69,PENG,PENGUIN SOLUTIONS INC,Information Technology,69,67.94,,146,70.3,0.01176471
70,EXPE,Expedia Group,Consumer Discretionary,70,238.02,,59,238.41,-0.01195517
71,CACC,Credit Acceptance Corporation - Common Stock,,71,577.53,,118,579.11,-0.00379487
72,EWBC,"East West Bancorp, Inc. - Common Stock",,72,129.13,,82,129.01,0.01829509
73,FCNCA,"First Citizens BancShares, Inc. - Class A Common Stock",,73,2084.99,,63,2081.355,0.00645389
74,EQIX,Equinix,Real Estate,74,1115.94,,97,1113.865,0.0217453
75,ELVN,ENLIVEN THERAPEUTICS INC,Health Care,75,45.96,,28,46.78,0.01906874
76,FRMI,Fermi Inc. - Common Stock,,76,8.97,,145,8.9961,-0.05578947
77,TTWO,Take-Two Interactive,Communication Services,77,239.57,,143,238.83,0.00121197
78,CART,Maplebear Inc. - Common Stock,,78,44.27,,95,44.49,-0.00628507
79,NTRS,Northern Trust,Financials,79,175.56,,91,174.015,0.02004532
80,GFS,GlobalFoundries Inc. - Ordinary Share,,80,89.67,,142,90.23,0.0447396
81,UMBF,UMB FINANCIAL CORP,Financials,81,136.94,,116,137.01,0.02915978
82,NBIS,Nebius Group N.V. - Class A Ordinary Shares,,82,283.61,,136,287.55,-0.01074331
83,HBAN,Huntington Bancshares,Financials,83,17.05,,71,17.06,0.01126928
84,VLY,VALLEY NATIONAL,Financials,84,14.24,,79,14.29,0.01064585
85,ARWR,ARROWHEAD PHARMACEUTICALS INC,Health Care,85,82.0,,69,81.93,0.00219995
86,ACMR,ACM RESEARCH CLASS A INC,Information Technology,86,103.17,,61,104.52,-0.06098116
87,LECO,"Lincoln Electric Holdings, Inc. - Common Shares",,87,274.75,,98,273.0775,-0.001744
88,HWC,HANCOCK WHITNEY CORP,Financials,88,70.78,,,,
89,CBSH,"Commerce Bancshares, Inc. - Common Stock",,89,55.08,,88,55.435,0.00639503
90,ONB,OLD NATIONAL BANCORP,Financials,90,25.01,,87,25.03,0.00846774
91,CINF,Cincinnati Financial,Financials,91,172.46,,112,172.72,0.0132785
92,HON,Honeywell,Industrials,92,228.11,,77,229.21,-0.00392996
93,HIVE,HIVE Digital Technologies Ltd - Common Shares,,93,4.9,,178,5.0801,0.15023474
94,BRKR,Bruker Corporation - Common Stock,,94,56.53,,99,56.77,-0.01223135
95,STX,Seagate Technology,Information Technology,95,1094.04,,133,1096.6275,0.02224755
96,CBRL,CRACKER BARREL OLD COUNTRY STORE I,Consumer Discretionary,96,46.12,,109,46.62,-0.02577102
97,COLB,"Columbia Banking System, Inc. - Common Stock",,97,30.87,,106,30.825,0.01047463
98,WTFC,Wintrust Financial Corporation - Common Stock,,98,155.77,,92,156.33,0.01077153
99,GLXY,Galaxy Digital Inc. - Class A common stock,,99,33.12,,86,34.05,-0.03157895
100,TEM,"Tempus AI, Inc. - Class A Common Stock",,100,47.85,,49,48.6,-0.05881196
101,CRDO,CREDO TECHNOLOGY GROUP HOLDING LTD,Information Technology,101,302.52,,94,303.715,0.11290145
102,COCO,THE VITA COCO COMPANY INC,Consumer Staples,102,82.88,,228,83.45,-0.0135682
103,CYTK,CYTOKINETICS INC,Health Care,103,79.17,,229,79.86,0.0049505
104,LNT,Alliant Energy,Utilities,104,73.21,,124,73.6,0.00287671
105,VECO,VEECO INSTRUMENTS INC,Information Technology,105,77.46,,10,76.7125,-0.02749529
106,HOOD,Robinhood Markets,Financials,106,105.71,,127,106.64,-0.02256126
107,CRSP,CRISPR THERAPEUTICS AG,Health Care,107,54.36,,70,54.96,0.00499168
108,ABNB,Airbnb,Consumer Discretionary,108,139.19,,96,139.2,-0.02261077
109,SLM,SLM Corporation - Common Stock,,109,22.84,,,,
110,LIN,Linde plc,Materials,110,516.71,,122,515.1,0.00890364
111,EVRG,Evergy,Utilities,111,83.25,,123,83.65,0.00909091
112,LPLA,LPL Financial Holdings Inc. - Common Stock,,112,297.62,,119,298.345,0.01248512
113,VICR,VICOR CORP,Industrials,113,365.53,,161,367.9001,0.10308718
114,ENTG,"Entegris, Inc. - Common Stock",,114,184.0,,209,181.845,0.02925547
115,FLEX,Flex Ltd.,Information Technology,115,155.81,,215,151.88,0.05555179
116,WDC,Western Digital,Information Technology,116,732.62,,131,736.91,-0.01823834
117,EXC,Exelon,Utilities,117,45.94,,115,46.055,0.00283781
118,ICHR,ICHOR HOLDINGS LTD,Information Technology,118,99.61,,151,97.06,0.01014096
119,ALGM,"Allegro MicroSystems, Inc. - Common Stock",,119,61.58,,160,60.83,0.04372881
120,TER,Teradyne,Information Technology,120,457.0,,148,450.6,0.0435696
121,MU,Micron Technology,Information Technology,121,1211.38,,107,1197.8,0.06824575
122,KLAC,KLA Corporation,Information Technology,122,269.16,,152,267.8,0.03698567
123,UCTT,ULTRA CLEAN HOLDINGS INC,Information Technology,123,123.14,,126,121.88,0.01533641
124,LRCX,Lam Research,Information Technology,124,409.54,,139,397.615,0.05269381
125,GGAL,"Grupo Financiero Galicia S.A. - American Depositary Shares, Class B Shares underlying",,125,53.33,,83,53.09,-0.0539294
126,AMKR,"Amkor Technology, Inc. - Common Stock",,126,93.55,,138,92.68,0.03415874
127,SOLS,Solstice Advanced Materials Inc. - Common Stock,,127,86.95,,120,87.3896,0.01612715
128,ALAB,"Astera Labs, Inc. - Common Stock",,128,439.66,,101,429.199,0.05416357
129,AFRM,"Affirm Holdings, Inc. - Class A Common Stock",,129,72.2,,113,72.87,-0.0232684
130,DLTR,Dollar Tree,Consumer Staples,130,113.93,,12,115.075,0.02042096
131,COKE,"Coca-Cola Consolidated, Inc. - Common Stock",,131,178.9,,104,179.16,-0.01454225
132,SEZL,SEZZLE INC,Financials,132,156.47,,141,159.845,-0.0417075
133,COHU,COHU INC,Information Technology,133,70.07,,130,70.39,0.00965418
134,SNDK,Sandisk,Information Technology,134,2273.73,,150,2313.1,0.04072777
135,AAL,"American Airlines Group, Inc. - Common Stock",,135,16.08,,153,16.405,0.00562852
136,ROIV,Roivant Sciences Ltd. - Common Shares,,136,31.25,,72,31.655,-0.00572701
137,TXN,Texas Instruments,Information Technology,137,332.28,,162,329.87,0.02917673
138,WYFI,WHITEFIBER INC,Information Technology,138,44.77,,187,46.325,0.16315926
139,FER,Ferrovial N.V. - Ordinary Shares,,139,70.76,,108,70.28,0.02224791
140,SMTC,SEMTECH CORP,Information Technology,140,174.73,,237,175.115,0.10427858
141,TLN,Talen Energy Corporation - Common Stock,,141,438.12,,149,437.125,0.00419446
142,TXRH,"Texas Roadhouse, Inc. - Common Stock",,142,179.77,,163,180.62,0.01136428
143,CVLT,COMMVAULT SYSTEMS INC,Information Technology,143,126.01,,262,125.47,-0.03091594
144,ALHC,ALIGNMENT HEALTHCARE INC,Health Care,144,21.29,,128,21.385,-0.02607502
145,TGTX,TG THERAPEUTICS INC,Health Care,145,54.4,,201,54.84,0.02217212
146,AMAT,Applied Materials,Information Technology,146,640.18,,132,626.57,0.03738393
147,TNGX,TANGO THERAPEUTICS INC,Health Care,147,28.5,,48,28.18,0.01894887
148,CRWV,"CoreWeave, Inc. - Class A Common Stock",,148,111.29,,144,112.475,-0.0564646
149,VSEC,VSE CORP,Industrials,149,215.55,,155,216.57,-0.01674117
150,ATRO,ASTRONICS CORP,Industrials,150,81.85,,137,81.23,0.01601291
151,FLNC,FLUENCE ENERGY INC CLASS A,Industrials,151,25.19,,198,25.6351,0.01572581
152,CECO,CECO ENVIRONMENTAL CORP,Industrials,152,99.67,,193,98.34,0.0129065
153,SYRE,SPYRE THERAPEUTICS INC,Health Care,153,100.32,,225,101.09,0.13561241
154,STRL,STERLING INFRASTRUCTURE INC,Industrials,154,932.75,,222,924.47,0.08222722
155,ASML,ASML Holding N.V. - New York Registry Shares,,155,1929.25,,14,1893.765,-0.00022283
156,AEIS,ADVANCED ENERGY INDUSTRIES INC,Information Technology,156,388.23,,219,386.55,0.04197644
157,NXTS,Nexentis Technologies Inc. - Common Stock,,157,13.0,,174,14.5008,1.55905512
158,PTCT,PTC THERAPEUTICS INC,Health Care,158,80.96,,156,81.01,0.02506964
159,CORZ,CORE SCIENTIFIC INC,Information Technology,159,29.08,,170,29.57,-0.00274348
160,SIMO,"Silicon Motion Technology Corporation - American Depositary Shares, each representing four ordinary shares",,160,336.9,,181,339.48,0.04737922
161,SNEX,STONEX GROUP INC,Financials,161,138.79,,175,139.89,-0.00158262
162,CPB,The Campbell's Company - Common Stock,,162,20.4,,168,20.575,-0.03546099
163,QURE,uniQure N.V. - Ordinary Shares,,163,44.39,,159,45.13,-0.04104558
164,TTMI,TTM TECHNOLOGIES INC,Information Technology,164,221.47,,184,222.85,0.0232397
165,MKSI,MKS Inc. - Common Stock,,165,420.56,,221,418.975,0.03491892
166,CDNS,Cadence Design Systems,Information Technology,166,389.04,,278,383.37,0.00425927
167,KLIC,KULICKE AND SOFFA INDUSTRIES INC,Information Technology,167,124.22,,194,121.88,0.01928284
168,ON,ON Semiconductor,Information Technology,168,131.55,,239,130.37,0.08164776
169,VELO,"Velo3D, Inc. - Common stock",,169,24.31,,9,25.71,-0.18586738
170,RIOT,RIOT PLATFORMS INC,Information Technology,170,28.63,,182,28.945,0.01886121
171,HQ,Horizon Quantum Holdings Ltd. - Class A Ordinary Shares,,171,38.39,,166,40.12,0.1996875
172,PANW,Palo Alto Networks,Information Technology,172,286.4,,167,286.84,-0.00479533
173,BMRN,BioMarin Pharmaceutical Inc. - Common Stock,,173,55.9,,183,55.79,0.0221247
174,CAKE,CHEESECAKE FACTORY INC,Consumer Discretionary,174,76.91,,165,77.39,-0.00362741
175,PTGX,PROTAGONIST THERAPEUTICS INC,Health Care,175,115.03,,197,115.07,0.01922736
176,TVTX,TRAVERE THERAPEUTICS INC,Health Care,176,55.11,,185,55.94,-0.00072529
177,PAYO,PAYONEER GLOBAL INC,Financials,177,7.02,,157,7.03,0.0
178,SANM,SANMINA CORP,Information Technology,178,253.45,,230,252.2,0.04952586
179,ICCM,IceCure Medical Ltd. - Ordinary Shares,,179,5.93,,158,5.9501,0.09814815
180,FTNT,Fortinet,Information Technology,180,145.39,,270,144.46,0.00456022
181,RYTM,RHYTHM PHARMACEUTICALS INC,Health Care,181,101.39,,190,100.455,0.04752557
182,AVT,"Avnet, Inc. - Common Stock",,182,92.45,,191,93.11,0.0107139
183,HUT,HUT CORP,Information Technology,183,121.04,,186,122.24,-0.0273224
184,FORM,FORMFACTOR INC,Information Technology,184,156.66,,60,155.41,0.04754263
185,NAVN,NAVAN INC CLASS A,Consumer Discretionary,185,21.66,,189,21.945,-0.01141031
186,VCYT,VERACYTE INC,Health Care,186,53.19,,164,53.775,-0.00820436
187,CAST,"FreeCast, Inc. - Class A common stock",,187,9.84,,103,7.165,0.21933086
188,KRYS,KRYSTAL BIOTECH INC,Health Care,188,343.43,,177,344.7,-0.0133023
189,WWD,"Woodward, Inc. - Common Stock",,189,426.82,,180,427.98,-0.00757999
190,RGTI,RIGETTI COMPUTING INC,Information Technology,190,21.38,,192,22.3001,0.00093633
191,LQDA,LIQUIDIA CORP,Health Care,191,75.49,,206,74.965,0.0621922
192,LNTH,LANTHEUS HOLDINGS INC,Health Care,192,106.2,,172,105.54,0.02253033
193,LFUS,"Littelfuse, Inc. - Common Stock",,193,489.1,,205,483.105,0.01934059
194,INCY,Incyte,Health Care,194,103.66,,203,103.36,0.05538587
195,PLXS,PLEXUS CORP,Information Technology,195,303.82,,208,305.0,0.01283462
196,NUVL,NUVALENT INC CLASS A,Health Care,196,123.42,,147,123.425,-8.102e-05
197,NTAP,NetApp,Information Technology,197,158.31,,255,158.79,-0.00876589
198,WYNN,Wynn Resorts,Consumer Discretionary,198,103.62,,171,103.915,-0.01809912
199,CLSK,CLEANSPARK INC,Information Technology,199,17.45,,140,17.7199,0.01218097
200,FAST,Fastenal,Industrials,200,46.12,,35,46.715,0.00501199
201,CSCO,Cisco,Information Technology,201,121.53,,233,121.84,0.01664715
202,RVMD,"Revolution Medicines, Inc. - Common Stock",,202,165.81,,218,165.88,0.01730167
203,QRVO,"Qorvo, Inc. - Common Stock",,203,101.98,,232,103.045,0.03617151
204,APGE,APOGEE THERAPEUTICS INC,Health Care,204,132.55,,289,132.605,0.46658553
205,DFTX,DEFINIUM THERAPEUTICS INC,Health Care,205,36.67,,295,37.67,0.49795752
206,IESC,IES INC,Industrials,206,754.74,,244,753.75,0.05944777
207,NXPI,NXP Semiconductors,Information Technology,207,323.24,,210,321.675,0.03182558
208,LSCC,Lattice Semiconductor Corporation - Common Stock,,208,155.27,,207,156.11,0.01008327
209,ORKA,ORUKA THERAPEUTICS INC,Health Care,209,85.38,,251,87.835,0.18025988
210,RGEN,Repligen Corporation - Common Stock,,210,126.57,,135,126.47,-0.04128162
211,KYMR,KYMERA THERAPEUTICS INC,Health Care,211,99.45,,242,99.85,0.09974566
212,APLD,APPLIED DIGITAL CORP,Information Technology,212,45.2,,27,46.67,-0.02983473
213,MTSI,"MACOM Technology Solutions Holdings, Inc. - Common Stock",,213,396.26,,245,394.26,0.0123911
214,LGN,LEGENCE CORP CLASS A,Industrials,214,88.2,,254,89.0,0.03073507
215,FFIV,"F5, Inc.",Information Technology,215,391.27,,320,387.7,0.0149939
216,ZION,Zions Bancorporation N.A. - Common Stock,,216,67.12,,200,67.36,0.01435696
217,BULL,WEBULL CORP CLASS A,Financials,217,6.86,,179,6.98,-0.03107345
218,ALGN,Align Technology,Health Care,218,173.76,,76,176.82,-0.0456942
219,IONS,"Ionis Pharmaceuticals, Inc. - Common Stock",,219,75.89,,212,76.36,0.02388019
220,TSEM,Tower Semiconductor Ltd. - Ordinary Shares,,220,316.85,,263,317.09,0.10500802
221,SITM,SITIME CORP,Information Technology,221,753.12,,269,745.07,0.03302974
222,QCOM,Qualcomm,Information Technology,222,221.9,,235,227.0028,-0.01861926
223,IBKR,Interactive Brokers,Financials,223,96.82,,231,96.78,0.00854167
224,NBIX,"Neurocrine Biosciences, Inc. - Common Stock",,224,161.62,,227,160.39,0.02103734
225,INTC,Intel,Information Technology,225,140.94,,234,140.33,0.05186954
226,CZR,"Caesars Entertainment, Inc. - Common Stock",,226,29.29,,214,29.305,0.00239562
227,VIAV,VIAVI SOLUTIONS INC,Information Technology,227,52.94,,276,52.57,0.12232351
228,TROW,T. Rowe Price,Financials,228,107.99,,93,108.5275,0.00315838
229,SWKS,Skyworks Solutions,Information Technology,229,76.18,,252,77.33,0.05148378
230,LAMR,Lamar Advertising Company - Class A Common Stock,,230,151.75,,226,151.45,0.01403274
231,SLAB,SILICON LABORATORIES INC,Information Technology,231,219.78,,223,219.88,0.00013652
232,SIRI,SiriusXM Holdings Inc. - Common Stock,,232,27.94,,204,27.93,-0.00321085
233,EA,Electronic Arts,Communication Services,233,202.97,,243,202.92,0.00405639
234,OKTA,"Okta, Inc. - Class A Common Stock",,234,115.94,,253,114.98,-0.01587302
235,HSIC,Henry Schein,Health Care,235,78.67,,211,79.25,-0.01564064
236,SYNA,SYNAPTICS INC,Information Technology,236,143.79,,216,143.88,0.02058343
237,CHRW,C.H. Robinson,Industrials,237,187.07,,199,189.5025,0.0109706
238,BPOP,"Popular, Inc. - Common Stock",,238,162.73,,224,162.165,0.0219166
239,PFG,Principal Financial Group,Financials,239,111.23,,241,111.295,0.01515013
240,CORT,Corcept Therapeutics Incorporated - Common Stock,,240,79.71,,285,79.45,-0.00250282
241,PCVX,VAXCYTE INC,Health Care,241,52.11,,297,51.685,0.01302488
242,CCEP,Coca-Cola Europacific Partners plc - Ordinary Shares,,242,96.98,,100,97.3,0.00051584
243,BTSG,BRIGHTSPRING HEALTH SERVICES INC,Health Care,243,67.2,,240,67.275,0.01433962
244,KMB,Kimberly-Clark,Consumer Staples,244,100.5,,105,101.85,-0.0200858
245,UPST,UPSTART HOLDINGS INC,Financials,245,31.32,,111,31.5,-0.03422757
246,DNTH,DIANTHUS THERAPEUTICS INC,Health Care,246,87.37,,246,86.45,0.05915869
247,FWONK,Liberty Media Corporation - Series C Liberty Formula One Common Stock,,247,89.35,,248,89.44,-0.01553548
248,AEP,American Electric Power,Utilities,248,130.3,,259,130.0,0.02044013
249,ICLR,ICON plc - Ordinary Shares,,249,140.73,,247,143.405,-0.03609589
250,AAON,"AAON, Inc. - Common Stock",,250,136.16,,256,137.53,-0.00409596
251,ARCB,ARCBEST CORP,Industrials,251,145.6,,267,146.885,0.00740331
252,BTDR,BITDEER TECHNOLOGIES GROUP CLASS A,Information Technology,252,17.43,,129,17.97,-0.02788622
253,CASY,Casey's,Consumer Staples,253,831.67,,250,834.47,-0.01256159
254,BBIO,BRIDGEBIO PHARMA INC,Health Care,254,68.92,,258,69.53,0.03998793
255,CROX,"Crocs, Inc. - Common Stock",,255,123.8,,110,124.455,-0.009996
256,AMD,Advanced Micro Devices,Information Technology,256,551.63,,154,545.985,0.02653665
257,CDW,CDW Corporation,Information Technology,257,123.57,,249,126.15,-0.03739191
258,MTCH,"Match Group, Inc. - Common Stock",,258,35.24,,272,35.285,-0.00592384
259,MDGL,MADRIGAL PHARMACEUTICALS INC,Health Care,259,512.88,,280,515.6,0.01409787
260,NVTS,NAVITAS SEMICONDUCTOR CORP,Information Technology,260,23.7,,236,23.95,-0.01332223
261,XEL,Xcel Energy,Utilities,261,78.81,,266,78.695,0.01808552
262,OLED,Universal Display Corporation - Common Stock,,262,91.21,,288,90.25,0.02552282
263,BLLN,"BillionToOne, Inc. - Class A common stock",,263,100.72,,64,101.66,-0.04213029
264,ALM,Almonty Industries Inc. - Common Shares,,264,18.66,,287,19.145,-0.00797448
265,ILMN,"Illumina, Inc. - Common Stock",,265,161.38,,169,162.19,-0.00339653
266,TCOM,Trip.com Group Limited - American Depositary Shares,,266,46.42,,279,46.58,0.02926829
267,STLD,Steel Dynamics,Materials,267,250.98,,260,251.07,0.00428154
268,MXL,MAXLINEAR INC,Information Technology,268,96.44,,294,97.965,0.08652546
269,MRCY,MERCURY SYSTEMS INC,Industrials,269,111.76,,261,111.47,-0.01887455
270,RELY,REMITLY GLOBAL INC,Financials,270,20.66,,274,20.8901,-0.02085308
271,LSTR,"Landstar System, Inc. - Common Stock",,271,209.02,,264,211.07,0.00781099
272,GH,GUARDANT HEALTH INC,Health Care,272,128.83,,202,128.945,-0.02238579
273,GTX,GARRETT MOTION INC,Consumer Discretionary,273,34.49,,277,34.37,0.00495338
274,ASND,Ascendis Pharma A/S - Ordinary Share,,274,228.0,,273,230.405,-0.0122601
275,TMDX,TRANSMEDICS GROUP INC,Health Care,275,75.51,,296,75.45,-0.04162965
276,KDP,Keurig Dr Pepper,Consumer Staples,276,30.87,,286,30.905,0.00357607
277,NNE,NANO NUCLEAR ENERGY INC,Industrials,277,25.64,,90,26.52,-0.09110245
278,SBUX,Starbucks,Consumer Discretionary,278,100.15,,284,100.885,-0.00496771
279,ROP,Roper Technologies,Information Technology,279,325.09,,313,325.8,-0.01563943
280,QLYS,QUALYS INC,Information Technology,280,108.51,,271,108.79,-0.02506739
281,HST,Host Hotels & Resorts,Real Estate,281,25.13,,213,25.235,0.00479808
282,EXEL,"Exelixis, Inc. - Common Stock",,282,51.35,,303,51.815,-0.0107879
283,AXSM,AXSOME THERAPEUTICS INC,Health Care,283,247.85,,195,248.98,-0.01057884
284,MNST,Monster Beverage,Consumer Staples,284,93.02,,305,92.7583,0.01839282
285,NTES,"NetEase, Inc. - American Depositary Shares, each representing 5 ordinary shares",,285,121.57,,282,122.45,0.00197808
286,NTNX,"Nutanix, Inc. - Class A Common Stock",,286,46.61,,397,45.975,-0.00618337
287,JBHT,J.B. Hunt,Industrials,287,273.48,,308,275.93,0.00833272
288,ODFL,Old Dominion,Industrials,288,219.52,,293,220.49,-0.00687658
289,PAYX,Paychex,Industrials,289,95.93,,307,97.5,-0.02351384
290,TTEK,"Tetra Tech, Inc. - Common Stock",,290,27.15,,300,27.05,-0.00767544
291,FSLR,First Solar,Information Technology,291,263.11,,302,265.65,0.0209934
292,CRWD,CrowdStrike,Information Technology,292,675.44,,188,683.47,-0.01375464
293,RPRX,Royalty Pharma plc - Class A Ordinary Shares,,293,53.57,,312,53.61,0.01151813
294,ZBRA,Zebra Technologies,Information Technology,294,245.69,,363,244.61,0.04114755
295,PRAX,PRAXIS PRECISION MEDICINES INC,Health Care,295,303.39,,352,302.89,0.07466969
296,CHDN,"Churchill Downs, Incorporated - Common Stock",,296,86.35,,309,87.04,-0.02175144
297,ONC,BeOne Medicines Ltd. - American Depositary Shares,,297,271.8,,291,271.49,0.00610772
298,ASO,ACADEMY SPORTS AND OUTDOORS INC,Consumer Discretionary,298,51.88,,325,52.58,0.00115785
299,PURR,Hyperliquid Strategies Inc - Common Stock,,299,9.2,,74,9.435,-0.00862069
300,DDOG,Datadog,Information Technology,300,221.37,,318,219.4001,-0.00730942
301,NOVT,NOVANTA INC,Information Technology,301,155.66,,315,156.91,0.00231809
302,IBRX,IMMUNITYBIO INC,Health Care,302,7.22,,324,7.32,-0.01902174
303,INIO,INNIO N.V. - Ordinary Shares,,303,41.13,,322,42.16,0.09826435
304,RIVN,"Rivian Automotive, Inc. - Class A Common Stock",,304,15.1,,268,15.39,-0.08595642
305,CELH,"Celsius Holdings, Inc. - Common Stock",,305,29.12,,299,29.25,-0.05454545
306,MAR,Marriott International,Consumer Discretionary,306,384.19,,292,386.055,-0.03031297
307,QNT,Quantinuum Inc. - Class A Common Stock,,307,68.27,,323,71.515,-0.02191977
308,LKQ,LKQ Corporation - Common Stock,,308,25.41,,321,25.275,-0.01511628
309,URBN,URBAN OUTFITTERS INC,Consumer Discretionary,309,72.75,,319,72.65,-0.04802408
310,DKNG,DraftKings Inc. - Class A Common Stock,,310,25.65,,310,25.955,-0.02804092
311,REGN,Regeneron Pharmaceuticals,Health Care,311,612.5,,333,608.91,0.00419713
312,MPWR,Monolithic Power Systems,Information Technology,312,1537.88,,349,1534.22,-0.01651212
313,TIGO,Millicom International Cellular S.A. - Common Stock,,313,85.35,,283,85.8,0.01113612
314,AGNC,AGNC Investment Corp. - Common Stock,,314,10.38,,326,10.425,0.0
315,FROG,JFrog Ltd. - Ordinary shares,,315,79.89,,275,80.3,-0.0342118
316,HALO,"Halozyme Therapeutics, Inc. - Common Stock",,316,68.99,,314,69.14,0.00641867
317,GRAB,Grab Holdings Limited - Class A Ordinary Shares,,317,3.49,,328,3.545,-0.02240896
318,CSX,CSX Corporation,Industrials,318,46.2,,330,46.2303,0.01249178
319,CHYM,"Chime Financial, Inc. - Class A Common Stock",,319,16.92,,371,17.125,-0.03863636
320,WTW,Willis Towers Watson,Financials,320,252.97,,317,254.14,-0.00873824
321,CEG,Constellation Energy,Utilities,321,275.53,,301,276.48,0.00536379
322,BNTX,BioNTech SE - American Depositary Shares,,322,90.19,,290,91.45,-0.00770162
323,CNTA,Centessa Pharmaceuticals plc - American Depositary Shares,,323,40.18,,327,40.065,0.003998
324,INSM,Insmed Incorporated - Common Stock,,324,98.605,,353,98.515,0.02927975
325,SMCI,Supermicro,Information Technology,325,35.46,,373,36.4,0.15655577
326,DPZ,Domino's,Consumer Discretionary,326,295.11,,311,295.055,-0.05555733
327,PEP,PepsiCo,Consumer Staples,327,140.71,,334,141.04,-0.00922405
328,RGLD,"Royal Gold, Inc. - Common Stock",,328,214.65,,332,215.27,-0.00079136
329,AAPL,Apple Inc.,Information Technology,329,297.01,,238,299.12,-0.00335559
330,TSCO,Tractor Supply,Consumer Discretionary,330,29.81,,350,29.555,-0.01421958
331,CRUS,"Cirrus Logic, Inc. - Common Stock",,331,165.41,,331,167.29,0.000726
332,HQY,HEALTHEQUITY INC,Health Care,332,84.61,,298,85.32,-0.00704143
333,QUBT,QUANTUM COMPUTING INC,Information Technology,333,10.54,,196,11.135,-0.0204461
334,PYPL,PayPal,Financials,334,42.34,,342,42.335,-0.00399906
335,LEGN,Legend Biotech Corporation - American Depositary Shares,,335,29.34,,265,29.285,0.05048335
336,ADP,Automatic Data Processing,Industrials,336,214.6,,337,215.56,-0.01744426
337,DXCM,Dexcom,Health Care,337,69.07,,281,68.89,-0.04691597
338,GSAT,GLOBALSTAR VOTING INC,Communication,338,79.81,,329,79.89,-0.00746176
339,MDLN,Medline Inc. - Class A common stock,,339,34.71,,306,35.34,-0.03422371
340,HAS,Hasbro,Consumer Discretionary,340,84.39,,369,84.655,-0.00413028
341,CG,The Carlyle Group Inc. - Common Stock,,341,44.57,,338,44.965,-0.00513393
342,JAZZ,Jazz Pharmaceuticals plc - Ordinary Shares,,342,225.92,,335,226.895,0.00560848
343,TMUS,T-Mobile US,Communication Services,343,180.06,,346,181.525,-0.00886222
344,ACGL,Arch Capital Group,Financials,344,92.04,,344,91.805,0.00943189
345,NXT,NEXTPOWER INC CLASS A,Industrials,345,129.07,,416,129.065,0.02517871
346,GEN,Gen Digital,Information Technology,346,23.01,,341,22.615,-0.0483871
347,MELI,"MercadoLibre, Inc. - Common Stock",,347,1589.45,,304,1602.93,-0.02794851
348,NVDA,Nvidia,Information Technology,348,208.65,,355,209.11,-0.00968247
349,HLNE,Hamilton Lane Incorporated - Class A Common Stock,,349,79.51,,351,81.54,-0.03296035
350,VRSK,Verisk Analytics,Industrials,350,168.99,,365,168.97,-0.02767549
351,LITE,Lumentum,Information Technology,351,893.93,,377,901.19,0.05168235
352,PODD,Insulet Corporation,Health Care,352,138.97,,347,139.835,-0.04658342
353,ENSG,ENSIGN GROUP INC,Health Care,353,156.78,,343,156.11,0.02037097
354,USAR,USA RARE EARTH INC CLASS A,Materials,354,24.12,,340,24.835,-0.0211039
355,MKTX,"MarketAxess Holdings, Inc. - Common Stock",,355,117.12,,368,117.29,-0.02667664
356,RMBS,RAMBUS INC,Information Technology,356,140.35,,418,137.71,-0.0058086
357,IREN,IREN Limited - Ordinary Shares,,357,56.87,,316,58.105,-0.05153436
358,CHTR,Charter Communications,Communication Services,358,125.54,,354,127.3,-0.00546621
359,MDB,"MongoDB, Inc. - Class A Common Stock",,359,319.16,,358,313.84,-0.04084147
360,FRSH,FRESHWORKS INC CLASS A,Information Technology,360,8.93,,359,8.8807,0.00790068
361,WMT,Walmart,Consumer Staples,361,117.18,,364,117.25,0.0
362,TW,Tradeweb Markets Inc. - Class A Common Stock,,362,98.2,,366,98.5,-0.01296613
363,AAOI,APPLIED OPTOELECTRONICS INC,Information Technology,363,171.23,,384,174.8,0.0579549
364,XP,XP Inc. - Class A Common Stock,,364,15.99,,362,15.94,0.04509804
365,RCAT,RED CAT HOLDINGS INC,Industrials,365,10.63,,345,10.855,-0.0708042
366,SHOP,Shopify Inc. - Class A Subordinate Voting Shares,,366,107.98,,367,108.02,-0.00799265
367,NWSA,News Corp (Class A),Communication Services,367,24.61,,375,24.725,-0.02650316
368,GTLB,GitLab Inc. - Class A Common Stock,,368,25.83,,339,25.755,-0.02748494
369,WBD,Warner Bros. Discovery,Communication Services,369,26.95,,396,26.82,0.02862595
370,SEDG,"SolarEdge Technologies, Inc. - Common Stock",,370,57.55,,388,58.895,-0.00861326
371,AUR,"Aurora Innovation, Inc.  - Class A Common Stock",,371,6.56,,431,6.685,0.04458599
372,ESLT,Elbit Systems Ltd. - Ordinary Shares,,372,774.62,,357,776.8,-0.01726653
373,LOGI,Logitech International S.A. - Registered Shares,,373,106.83,,383,107.29,-0.00752508
374,REG,Regency Centers,Real Estate,374,77.36,,374,77.54,0.0062435
375,IDXX,Idexx Laboratories,Health Care,375,545.73,,386,548.345,-0.02910566
376,ENPH,"Enphase Energy, Inc. - Common Stock",,376,52.41,,398,53.93,0.00248661
377,ALNY,"Alnylam Pharmaceuticals, Inc. - Common Stock",,377,286.41,,382,284.27,0.02991837
378,SNY,Sanofi - American Depositary Shares,,378,41.78,,372,41.59,-0.01415762
379,MDLZ,Mondelez International,Consumer Staples,379,59.51,,379,59.995,-0.01014637
380,NDAQ,"Nasdaq, Inc.",Financials,380,82.61,,426,82.5618,0.00449903
381,CTAS,Cintas,Industrials,381,169.45,,391,169.91,-0.00819432
382,FSLY,FASTLY INC CLASS A,Information Technology,382,17.17,,370,16.93,-0.04078212
383,AUGO,Aura Minerals Inc. - Common Shares,,383,65.26,,390,64.28,0.02706956
384,PSKY,Paramount Skydance Corporation,Communication Services,384,9.89,,378,10.055,-0.00503018
385,ULTA,Ulta Beauty,Consumer Discretionary,385,465.06,,411,460.925,0.01957775
386,GEHC,GE HealthCare,Health Care,386,60.64,,380,60.93,-0.01542458
387,DBX,"Dropbox, Inc. - Class A Common Stock",,387,25.8,,405,25.715,-0.00654601
388,GILD,Gilead Sciences,Health Care,388,124.87,,389,125.09,0.00896897
389,QS,QuantumScape Corporation - Common Stock,,389,7.61,,381,7.8097,-0.05348259
390,LCID,"Lucid Group, Inc. - Common Stock",,390,5.16,,392,5.2114,-0.03731343
391,SNPS,Synopsys,Information Technology,391,464.58,,417,460.48,0.01991175
392,KHC,Kraft Heinz,Consumer Staples,392,22.03,,387,22.165,-0.03461876
393,TPG,TPG Inc. - Class A Common Stock,,393,41.19,,73,41.65,-0.02045184
394,APP,AppLovin,Information Technology,394,469.39,,421,466.3,-0.00068127
395,VSNT,"Versant Media Group, Inc. - Class A Common Stock",,395,38.53,,437,38.29,0.00837477
396,VTRS,Viatris,Health Care,396,15.38,,402,15.345,0.00065062
397,GLPI,"Gaming and Leisure Properties, Inc. - Common Stock",,397,44.19,,401,44.335,-0.00897062
398,INOD,INNODATA INC,Industrials,398,90.68,,356,91.1,-0.0504712
399,COIN,Coinbase,Financials,399,164.84,,403,165.38,0.00967781
400,CTSH,Cognizant,Information Technology,400,41.83,,394,41.4765,-0.04279176
401,TSLA,"Tesla, Inc.",Consumer Discretionary,401,405.05,,348,408.115,0.01138605
402,SSNC,"SS&C Technologies Holdings, Inc. - Common Stock",,402,65.13,,395,64.9202,-0.0044329
403,AXON,Axon Enterprise,Industrials,403,410.03,,336,413.135,-0.0315777
404,ORLY,O’Reilly Automotive,Consumer Discretionary,404,85.63,,412,85.19,-0.01393367
405,CMCSA,Comcast,Communication Services,405,22.32,,435,22.435,-0.00490415
406,FOXA,Fox Corporation (Class A),Communication Services,406,49.39,,438,49.16,-0.05437488
407,EXE,Expand Energy,Energy,407,88.44,,450,87.605,0.01678547
408,FUTU,Futu Holdings Limited - American Depositary Shares,,408,99.97,,465,100.73,0.03445778
409,SAIA,"Saia, Inc. - Common Stock",,409,436.05,,406,440.66,0.00213734
410,GOOG,Alphabet Inc. (Class C),Communication Services,410,348.78,,408,347.2699,-0.05083547
411,MANH,"Manhattan Associates, Inc. - Common Stock",,411,128.77,,400,128.0,-0.02653462
412,GOOGL,Alphabet Inc. (Class A),Communication Services,412,349.68,,415,348.19,-0.04986007
413,CPRT,Copart,Industrials,413,29.48,,441,29.565,-0.02480979
414,BKR,Baker Hughes,Energy,414,59.15,,434,58.425,0.01266906
415,AMBA,AMBARELLA INC,Information Technology,415,70.71,,471,70.69,0.01057596
416,META,Meta Platforms,Communication Services,416,563.85,,422,565.95,-0.02316275
417,VNOM,"Viper Energy, Inc.  - Class A Common Stock",,417,43.56,,453,43.3782,0.00809998
418,TRMB,Trimble Inc.,Information Technology,418,49.23,,433,49.04,0.00142392
419,TTAN,"ServiceTitan, Inc. - Class A Common Stock",,419,62.57,,413,62.725,-0.02584462
420,AXTI,AXT Inc - Common Stock,,420,92.44,,456,93.715,0.093059
421,PCTY,Paylocity Holding Corporation - Common Stock,,421,99.51,,444,99.63,-0.01533742
422,TRI,Thomson Reuters Corp - Common Shares,,422,76.55,,457,77.17,-0.02583355
423,ISRG,Intuitive Surgical,Health Care,423,402.95,,446,401.76,-0.00941541
424,SFM,"Sprouts Farmers Market, Inc. - Common Stock",,424,80.84,,449,81.675,0.00434837
425,RUN,SUNRUN INC,Industrials,425,13.62,,470,13.7,0.00739645
426,CHKP,Check Point Software Technologies Ltd. - Ordinary Shares,,426,120.3,,414,119.63,-0.01659446
427,HTHT,H World Group Limited - American Depositary Shares,,427,42.41,,420,42.415,-0.00235239
428,FANG,Diamondback Energy,Energy,428,187.8,,445,187.48,0.02343324
429,AVGO,Broadcom,Information Technology,429,392.13,,432,397.05,-0.0467242
430,OPEN,Opendoor Technologies Inc  - Common Stock,,430,4.28,,427,4.35,-0.04250559
431,AMZN,Amazon,Consumer Discretionary,431,232.79,,447,233.96,-0.04746512
432,CHRD,Chord Energy Corporation - Common Stock,,432,124.45,,466,123.62,0.01080247
433,COST,Costco,Consumer Staples,433,951.35,,448,947.885,-0.0001051
434,FISV,Fiserv,Financials,434,47.18,,424,47.57,-0.01420811
435,SBAC,SBA Communications,Real Estate,435,187.59,,409,187.73,0.00385295
436,SMMT,Summit Therapeutics Inc.  - Common Stock,,436,14.28,,376,14.395,0.03854545
437,MSFT,Microsoft,Information Technology,437,367.34,,443,370.45,-0.03178703
438,PEGA,Pegasystems Inc. - Common Stock,,438,29.38,,,,
439,DOX,Amdocs Limited - Ordinary Shares,,439,51.69,,436,50.47,0.00427433
440,BSY,"Bentley Systems, Incorporated - Class B Common Stock",,440,28.87,,428,28.78,-0.01735875
441,ERIC,Ericsson - American Depositary Shares each representing 1 underlying Class B share,,441,11.72,,451,11.66,0.02987698
442,EOSE,EOS ENERGY ENTERPRISES INC CLASS A,Industrials,442,7.34,,257,7.585,-0.04052288
443,JKHY,Jack Henry & Associates,Financials,443,123.42,,454,123.525,-0.02226095
444,PLTR,Palantir Technologies,Information Technology,444,119.5,,393,120.95,-0.06982175
445,APA,APA Corporation,Energy,445,34.2,,474,34.015,0.03542234
446,FOX,Fox Corporation (Class B),Communication Services,446,44.93,,440,44.855,-0.04302449
447,NFLX,Netflix,Communication Services,447,72.88,,442,73.17,-0.05815456
448,EBAY,eBay Inc.,Consumer Discretionary,448,104.94,,429,105.485,-0.0304878
449,XE,"X-Energy, Inc. - Class A Common Stock",,449,20.155,,360,20.67,-0.06516698
450,AVAV,AEROVIRONMENT INC,Industrials,450,151.33,,385,152.97,-0.10777666
451,ZM,"Zoom Communications, Inc. - Class A Common Stock",,451,84.34,,459,84.28,-0.02339046
452,LULU,Lululemon Athletica,Consumer Discretionary,452,105.43,,425,105.54,-0.05672363
453,CME,CME Group,Financials,453,245.2,,468,245.895,-0.00478935
454,OLLI,"Ollie's Bargain Outlet Holdings, Inc. - Common Stock",,454,73.42,,404,74.5209,-0.04537771
455,KTOS,KRATOS DEFENSE AND SECURITY SOLUTI,Industrials,455,51.09,,399,51.54,-0.05755396
456,CSGP,CoStar Group,Real Estate,456,29.22,,430,29.31,-0.02988048
457,TEAM,Atlassian Corporation  - Class A Common Stock,,457,79.96,,467,79.565,-0.03336557
458,WDAY,"Workday, Inc.",Information Technology,458,113.04,,455,113.125,-0.03326777
459,FIVE,"Five Below, Inc. - Common Stock",,459,193.45,,460,193.38,-0.00314336
460,ADSK,Autodesk,Information Technology,460,187.72,,472,187.505,-0.0314725
461,VRSN,Verisign,Information Technology,461,247.69,,469,247.63,-0.06404927
462,JD,"JD.com, Inc. - American Depositary Shares",,462,27.02,,461,27.2299,-0.01994922
463,CENX,CENTURY ALUMINUM,Materials,463,49.53,,407,49.165,-0.04215819
464,Z,"Zillow Group, Inc. - Class C Capital Stock",,464,30.31,,439,30.6,-0.0560573
465,WFRD,Weatherford International plc - Ordinary shares,,465,91.78,,475,91.67,0.00163702
466,BAND,BANDWIDTH INC CLASS A,Communication,466,50.82,,464,50.38,-0.01109165
467,BIDU,"Baidu, Inc. - American Depositary Shares, each representing 8 ordinary share",,467,111.74,,481,112.39,-0.00017895
468,SYM,Symbotic Inc. - Class A Common Stock,,468,40.2,,484,39.7,-0.03550864
469,PTC,PTC Inc.,Information Technology,469,115.0,,458,114.66,0.00217865
470,IRDM,Iridium Communications Inc - Common Stock,,470,43.3,,423,43.245,-0.0284945
471,GDS,GDS Holdings Limited - American Depositary Shares,,471,31.71,,485,32.15,0.00730623
472,ONDS,Ondas Inc - Common Stock,,472,8.89,,483,9.135,-0.04099245
473,DOCU,"DocuSign, Inc. - Common Stock",,473,42.71,,477,42.76,-0.01748332
474,ADBE,Adobe Inc.,Information Technology,474,194.9,,482,193.055,-0.00133224
475,PDD,PDD Holdings Inc. - American Depositary Shares,,475,78.11,,476,78.37,-0.01822524
476,TTD,Trade Desk (The),Communication Services,476,18.02,,487,18.105,-0.02647218
477,POET,POET Technologies Inc. - Common Shares,,477,12.09,,473,12.595,-0.00493827
478,MNDY,monday.com Ltd. - Ordinary Shares,,478,70.36,,462,69.97,-0.01635677
479,FIGR,"Figure Technology Solutions, Inc. - Class A Common Stock",,479,29.09,,410,30.5,0.01891419
480,PTEN,PATTERSON UTI ENERGY INC,Energy,480,10.2,,478,9.955,0.01593625
481,AKAM,Akamai Technologies,Information Technology,481,120.74,,488,120.815,-0.03338404
482,ASST,STRIVE INC CLASS A,Health Care,482,14.81,,463,15.1701,-0.0026936
483,ABVX,Abivax SA - American Depositary Shares,,483,101.66,,361,102.735,0.02531518
484,VSAT,VIASAT INC,Information Technology,484,64.23,,479,65.045,0.00155933
485,SOUN,SOUNDHOUND AI INC CLASS A,Information Technology,485,6.88,,486,7.025,-0.03370787
486,SAIL,"SailPoint, Inc. - Common Stock",,486,12.63,,480,12.825,-0.05251313
487,INTU,Intuit,Information Technology,487,257.77,,494,256.91,-0.03456929
488,NTSK,"Netskope, Inc. - Class A Common Stock",,488,8.95,,490,8.995,-0.01104972
489,SATS,ECHOSTAR CORP CLASS A,Communication,489,106.4,,452,106.89,-0.02537327
490,PLUG,PLUG POWER INC,Industrials,490,2.79,,493,2.84,-0.02105263
491,WIX,Wix.com Ltd. - Ordinary Shares,,491,41.86,,495,41.78,-0.01482702
492,ZS,"Zscaler, Inc. - Common Stock",,492,124.06,,492,123.18,-0.00632759
493,RKLB,Rocket Lab Corporation - Common Stock,,493,100.29,,489,101.01,-0.06480791
494,MSTR,Strategy Inc - Class A Common Stock,,494,109.46,,498,110.37,-0.02728161
495,CBRS,Cerebras Systems Inc. - Class A Common Stock,,495,224.43,,500,232.28,-0.04379873
496,PCT,PURECYCLE TECHNOLOGIES INC,Materials,496,8.34,,491,8.455,-0.04137931
497,CELC,CELCUITY INC,Health Care,497,89.93,,496,90.59,0.02472653
498,FLY,FIREFLY AEROSPACE INC,Industrials,498,28.96,,497,29.445,-0.06429725
499,LUNR,INTUITIVE MACHINES INC CLASS A,Industrials,499,21.99,,499,22.045,-0.03763676
