current_rank,ticker,name,sector,2026-06-23__predicted_rank,2026-06-23__close,2026-06-23__next_snapshot_return,2026-06-22__predicted_rank,2026-06-22__close,2026-06-22__next_snapshot_return,2026-06-20__predicted_rank,2026-06-20__close,2026-06-20__next_snapshot_return
1,CRVO,CervoMed Inc. - Common Stock,,1,3.72,,3,4.13,-0.09927361,3,4.0801,-0.0259434
2,EHGO,Eshallgo Inc. - Class A Ordinary Shares,,2,4.0,,36,4.06,-0.01477833,1,3.77,1.25555556
3,SHAZ,"SharonAI Holdings, Inc. - Class A Common Stock",,3,84.36,,63,91.91,-0.08214558,62,93.585,-0.00852211
4,VSME,VS Media Holdings Limited - Class A Ordinary Shares,,4,2.27,,5,2.52,-0.09920635,5,2.515,0.03703704
5,RXT,RACKSPACE TECHNOLOGY INC,Information Technology,5,7.27,,6,6.835,0.06364301,6,6.875,-0.0533241
6,WDC,Western Digital,Information Technology,6,670.75,,116,732.62,-0.08445033,131,736.91,-0.01823834
7,AMAT,Applied Materials,Information Technology,7,585.88,,146,640.18,-0.08481989,132,626.57,0.03738393
8,ICHR,ICHOR HOLDINGS LTD,Information Technology,8,92.2,,118,99.61,-0.07439012,151,97.06,0.01014096
9,KLAC,KLA Corporation,Information Technology,9,244.49,,122,269.16,-0.09165552,152,267.8,0.03698567
10,COHU,COHU INC,Information Technology,10,64.37,,133,70.07,-0.08134722,130,70.39,0.00965418
11,KEEL,Keel Infrastructure Corp. - Common Stock,,11,6.6,,9,6.66,-0.00900901,36,7.005,0.05882353
12,HOOD,Robinhood Markets,Financials,12,103.25,,106,105.71,-0.02327121,127,106.64,-0.02256126
13,BLLN,"BillionToOne, Inc. - Class A common stock",,13,104.28,,263,100.72,0.03534551,64,101.66,-0.04213029
14,UCTT,ULTRA CLEAN HOLDINGS INC,Information Technology,14,111.63,,123,123.14,-0.09347085,126,121.88,0.01533641
15,AMKR,"Amkor Technology, Inc. - Common Stock",,15,86.72,,126,93.55,-0.07300909,138,92.68,0.03415874
16,CRDO,CREDO TECHNOLOGY GROUP HOLDING LTD,Information Technology,16,272.005,,101,302.52,-0.10086936,94,303.715,0.11290145
17,ACMR,ACM RESEARCH CLASS A INC,Information Technology,17,99.12,,86,103.17,-0.0392556,61,104.52,-0.06098116
18,ENTG,"Entegris, Inc. - Common Stock",,18,168.22,,114,184.0,-0.08576087,209,181.845,0.02925547
19,STX,Seagate Technology,Information Technology,19,1038.59,,95,1094.04,-0.0506837,133,1096.6275,0.02224755
20,INCY,Incyte,Health Care,20,104.4,,194,103.66,0.00713872,203,103.36,0.05538587
21,DAVE,DAVE INC CLASS A,Financials,21,317.97,,27,309.72,0.02663696,53,311.17,-0.01501081
22,TXG,10X GENOMICS INC CLASS A,Health Care,22,31.87,,8,32.94,-0.0324833,47,33.8,-0.0522227
23,ALGM,"Allegro MicroSystems, Inc. - Common Stock",,23,55.52,,119,61.58,-0.09840857,160,60.83,0.04372881
24,SRRK,SCHOLAR ROCK HOLDING CORP,Health Care,24,51.27,,,,,,,
25,TER,Teradyne,Information Technology,25,420.12,,120,457.0,-0.08070022,148,450.6,0.0435696
26,AEP,American Electric Power,Utilities,26,133.74,,248,130.3,0.02640061,259,130.0,0.02044013
27,ROKU,"Roku, Inc. - Class A Common Stock",,27,135.055,,10,135.2,-0.00107249,11,135.35,-0.02078656
28,EBC,EASTERN BANKSHARES INC,Financials,28,20.98,,25,20.74,0.01157184,67,20.655,0.00679612
29,ALAB,"Astera Labs, Inc. - Common Stock",,29,397.02,,128,439.66,-0.09698403,101,429.199,0.05416357
30,ERAS,ERASCA INC,Health Care,30,15.07,,11,15.08,-0.00066313,17,15.0601,0.10314557
31,EXPE,Expedia Group,Consumer Discretionary,31,245.07,,70,238.02,0.02961936,59,238.41,-0.01195517
32,SOFI,"SoFi Technologies, Inc.  - Common Stock",,32,17.29,,35,17.1,0.01111111,51,17.3899,-0.04522613
33,BMRN,BioMarin Pharmaceutical Inc. - Common Stock,,33,56.5,,173,55.9,0.01073345,183,55.79,0.0221247
34,TLN,Talen Energy Corporation - Common Stock,,34,411.92,,141,438.12,-0.05980097,149,437.125,0.00419446
35,VICR,VICOR CORP,Industrials,35,336.12,,113,365.53,-0.08045851,161,367.9001,0.10308718
36,EA,Electronic Arts,Communication Services,36,203.52,,233,202.97,0.00270976,243,202.92,0.00405639
37,DUOL,"Duolingo, Inc. - Class A Common Stock",,37,132.18,,66,127.25,0.03874263,125,128.25,0.0134597
38,DASH,DoorDash,Consumer Discretionary,38,171.52,,62,172.08,-0.0032543,117,176.505,-0.00795572
39,MIDD,The Middleby Corporation - Common Stock,,39,163.77,,31,166.65,-0.01728173,46,167.29,-0.03256705
40,NTRA,"Natera, Inc. - Common Stock",,40,234.76,,52,228.8,0.02604895,38,226.47,-0.01127868
41,MEDP,"Medpace Holdings, Inc. - Common Stock",,41,473.48,,40,455.66,0.03910811,176,451.84,-0.00986528
42,EWTX,EDGEWISE THERAPEUTICS INC,Health Care,42,38.83,,,,,20,36.94,
43,CECO,CECO ENVIRONMENTAL CORP,Industrials,43,96.67,,152,99.67,-0.03009933,193,98.34,0.0129065
44,PCAR,Paccar,Industrials,44,116.78,,33,120.12,-0.02780553,42,119.85,0.00983607
45,CAR,"Avis Budget Group, Inc. - Common Stock",,45,190.46,,47,186.28,0.02243934,34,186.83,-0.01141007
46,BEAM,BEAM THERAPEUTICS INC,Health Care,46,33.2,,,,,,,
47,TECH,Bio-Techne,Health Care,47,56.26,,34,55.61,0.01168855,23,56.31,-0.04021401
48,WULF,TERAWULF INC,Information Technology,48,28.78,,24,28.31,0.01660191,21,28.68,-0.02311939
49,COGT,COGENT BIOSCIENCES INC,Health Care,49,36.31,,22,35.84,0.01311384,25,35.86,0.03763752
50,BKNG,Booking Holdings,Consumer Discretionary,50,168.94,,48,167.77,0.00697383,31,169.42,-0.02334381
51,IBKR,Interactive Brokers,Financials,51,94.7,,223,96.82,-0.0218963,231,96.78,0.00854167
52,CART,Maplebear Inc. - Common Stock,,52,46.09,,78,44.27,0.04111136,95,44.49,-0.00628507
53,VECO,VEECO INSTRUMENTS INC,Information Technology,53,74.84,,105,77.46,-0.03382391,10,76.7125,-0.02749529
54,POOL,Pool Corporation - Common Stock,,54,194.84,,42,195.61,-0.0039364,80,194.62,-0.01698578
55,TTMI,TTM TECHNOLOGIES INC,Information Technology,55,213.17,,164,221.47,-0.03747686,184,222.85,0.0232397
56,SIMO,"Silicon Motion Technology Corporation - American Depositary Shares, each representing four ordinary shares",,56,319.0,,160,336.9,-0.05313149,181,339.48,0.04737922
57,IONS,"Ionis Pharmaceuticals, Inc. - Common Stock",,57,75.99,,219,75.89,0.0013177,212,76.36,0.02388019
58,CIFR,CIPHER DIGITAL INC,Information Technology,58,27.64,,13,28.14,-0.0177683,22,28.6799,-0.03564085
59,MDGL,MADRIGAL PHARMACEUTICALS INC,Health Care,59,513.43,,259,512.88,0.00107238,280,515.6,0.01409787
60,COO,Cooper Companies (The),Health Care,60,66.15,,54,65.42,0.01115867,41,65.605,-0.00743438
61,ALGN,Align Technology,Health Care,61,168.49,,218,173.76,-0.03032919,76,176.82,-0.0456942
62,EXC,Exelon,Utilities,62,46.62,,117,45.94,0.01480192,115,46.055,0.00283781
63,CACC,Credit Acceptance Corporation - Common Stock,,63,589.97,,71,577.53,0.02154001,118,579.11,-0.00379487
64,AMGN,Amgen,Health Care,64,347.01,,51,344.72,0.00664307,39,344.46,0.02109005
65,NBIS,Nebius Group N.V. - Class A Ordinary Shares,,65,275.25,,82,283.61,-0.0294771,136,287.55,-0.01074331
66,HIVE,HIVE Digital Technologies Ltd - Common Shares,,66,4.63,,93,4.9,-0.05510204,178,5.0801,0.15023474
67,WING,Wingstop Inc. - Common Stock,,67,150.41,,29,156.74,-0.04038535,40,159.07,-0.03115342
68,NTLA,INTELLIA THERAPEUTICS INC,Health Care,68,15.25,,21,15.75,-0.03174603,58,16.27,0.0051053
69,ASND,Ascendis Pharma A/S - Ordinary Share,,69,238.59,,274,228.0,0.04644737,273,230.405,-0.0122601
70,EWBC,"East West Bancorp, Inc. - Common Stock",,70,130.89,,72,129.13,0.01362968,82,129.01,0.01829509
71,VRTX,Vertex Pharmaceuticals,Health Care,71,468.42,,56,466.79,0.00349193,89,465.745,0.0335673
72,MYRG,MYR GROUP INC,Industrials,72,468.0,,14,483.08,-0.03121636,45,478.69,0.04766862
73,MGNI,MAGNITE INC,Communication,73,18.0,,,,,68,17.765,
74,ROAD,CONSTRUCTION PARTNERS INC CLASS A,Industrials,74,123.05,,57,127.05,-0.03148367,84,126.84,0.03477765
75,LYFT,"Lyft, Inc. - Class A Common Stock",,75,13.82,,43,14.22,-0.0281294,54,14.375,-0.00420168
76,TWST,TWIST BIOSCIENCE CORP,Health Care,76,85.0,,68,85.17,-0.00199601,81,85.625,-0.02729557
77,CRSP,CRISPR THERAPEUTICS AG,Health Care,77,53.99,,107,54.36,-0.00680648,70,54.96,0.00499168
78,SBUX,Starbucks,Consumer Discretionary,78,101.05,,278,100.15,0.00898652,284,100.885,-0.00496771
79,JBLU,JETBLUE AIRWAYS CORP,Industrials,79,5.53,,45,5.49,0.00728597,56,5.655,-0.0334507
80,EQIX,Equinix,Real Estate,80,1115.93,,74,1115.94,-8.96e-06,97,1113.865,0.0217453
81,HBAN,Huntington Bancshares,Financials,81,17.4,,83,17.05,0.02052786,71,17.06,0.01126928
82,UMBF,UMB FINANCIAL CORP,Financials,82,139.48,,81,136.94,0.01854827,116,137.01,0.02915978
83,WTFC,Wintrust Financial Corporation - Common Stock,,83,157.47,,98,155.77,0.01091353,92,156.33,0.01077153
84,FCNCA,"First Citizens BancShares, Inc. - Class A Common Stock",,84,2111.14,,73,2084.99,0.01254203,63,2081.355,0.00645389
85,OKTA,"Okta, Inc. - Class A Common Stock",,85,118.16,,234,115.94,0.01914784,253,114.98,-0.01587302
86,HSIC,Henry Schein,Health Care,86,80.1,,235,78.67,0.0181772,211,79.25,-0.01564064
87,VLY,VALLEY NATIONAL,Financials,87,14.38,,84,14.24,0.00983146,79,14.29,0.01064585
88,ONB,OLD NATIONAL BANCORP,Financials,88,25.32,,90,25.01,0.01239504,87,25.03,0.00846774
89,INTC,Intel,Information Technology,89,132.28,,225,140.94,-0.06144459,234,140.33,0.05186954
90,IDCC,INTERDIGITAL INC,Information Technology,90,279.17,,55,297.84,-0.06268466,55,298.09,0.00608026
91,ARWR,ARROWHEAD PHARMACEUTICALS INC,Health Care,91,79.9,,85,82.0,-0.02560976,69,81.93,0.00219995
92,LNT,Alliant Energy,Utilities,92,74.57,,104,73.21,0.0185767,124,73.6,0.00287671
93,COLB,"Columbia Banking System, Inc. - Common Stock",,93,31.27,,97,30.87,0.01295756,106,30.825,0.01047463
94,NTRS,Northern Trust,Financials,94,176.26,,79,175.56,0.00398724,91,174.015,0.02004532
95,CCEP,Coca-Cola Europacific Partners plc - Ordinary Shares,,95,97.77,,242,96.98,0.00814601,100,97.3,0.00051584
96,FRMI,Fermi Inc. - Common Stock,,96,8.69,,76,8.97,-0.03121516,145,8.9961,-0.05578947
97,SLM,SLM Corporation - Common Stock,,97,23.24,,109,22.84,0.01751313,,,
98,SEZL,SEZZLE INC,Financials,98,151.61,,132,156.47,-0.03106027,141,159.845,-0.0417075
99,KMB,Kimberly-Clark,Consumer Staples,99,103.95,,244,100.5,0.03432836,105,101.85,-0.0200858
100,PENG,PENGUIN SOLUTIONS INC,Information Technology,100,66.96,,69,67.94,-0.01442449,146,70.3,0.01176471
101,AEIS,ADVANCED ENERGY INDUSTRIES INC,Information Technology,101,364.96,,156,388.23,-0.0599387,219,386.55,0.04197644
102,COKE,"Coca-Cola Consolidated, Inc. - Common Stock",,102,183.01,,131,178.9,0.02297373,104,179.16,-0.01454225
103,SOLS,Solstice Advanced Materials Inc. - Common Stock,,103,84.67,,127,86.95,-0.02622197,120,87.3896,0.01612715
104,LECO,"Lincoln Electric Holdings, Inc. - Common Shares",,104,269.11,,87,274.75,-0.02052775,98,273.0775,-0.001744
105,NDSN,Nordson Corporation,Industrials,105,291.07,,65,295.06,-0.01352267,85,295.05,-0.00290619
106,CYTK,CYTOKINETICS INC,Health Care,106,80.01,,103,79.17,0.01061008,229,79.86,0.0049505
107,WYFI,WHITEFIBER INC,Information Technology,107,44.76,,138,44.77,-0.00022336,187,46.325,0.16315926
108,ABNB,Airbnb,Consumer Discretionary,108,138.85,,108,139.19,-0.0024427,96,139.2,-0.02261077
109,ATRO,ASTRONICS CORP,Industrials,109,82.7,,150,81.85,0.01038485,137,81.23,0.01601291
110,MARA,MARA HOLDINGS INC,Information Technology,110,14.7,,20,14.85,-0.01010101,18,15.19,0.0443038
111,COCO,THE VITA COCO COMPANY INC,Consumer Staples,111,82.74,,102,82.88,-0.00168919,228,83.45,-0.0135682
112,CBRL,CRACKER BARREL OLD COUNTRY STORE I,Consumer Discretionary,112,46.46,,96,46.12,0.00737207,109,46.62,-0.02577102
113,WSBC,WESBANCO INC,Financials,113,37.28,,12,36.7,0.01580381,50,36.7,0.01129788
114,FORM,FORMFACTOR INC,Information Technology,114,142.79,,184,156.66,-0.08853568,60,155.41,0.04754263
115,EVRG,Evergy,Utilities,115,84.84,,111,83.25,0.0190991,123,83.65,0.00909091
116,MU,Micron Technology,Information Technology,116,1051.77,,121,1211.38,-0.13175882,107,1197.8,0.06824575
117,CDW,CDW Corporation,Information Technology,117,130.06,,257,123.57,0.05252084,249,126.15,-0.03739191
118,TXRH,"Texas Roadhouse, Inc. - Common Stock",,118,179.99,,142,179.77,0.00122379,163,180.62,0.01136428
119,ADPT,ADAPTIVE BIOTECHNOLOGIES CORP,Health Care,119,17.23,,15,17.37,-0.00805987,8,17.56,-0.00912721
120,LPLA,LPL Financial Holdings Inc. - Common Stock,,120,295.1,,112,297.62,-0.00846717,119,298.345,0.01248512
121,MRNA,Moderna,Health Care,121,61.0,,26,59.345,0.02788777,13,59.99,-0.07215447
122,FLEX,Flex Ltd.,Information Technology,122,151.85,,115,155.81,-0.02541557,215,151.88,0.05555179
123,CAST,"FreeCast, Inc. - Class A common stock",,123,8.26,,187,9.84,-0.16056911,103,7.165,0.21933086
124,AFRM,"Affirm Holdings, Inc. - Class A Common Stock",,124,71.83,,129,72.2,-0.00512465,113,72.87,-0.0232684
125,ALHC,ALIGNMENT HEALTHCARE INC,Health Care,125,21.66,,144,21.29,0.01737905,128,21.385,-0.02607502
126,LGND,LIGAND PHARMACEUTICALS INC,Health Care,126,279.44,,16,262.17,0.06587329,114,264.73,-0.04623836
127,FTAI,FTAI Aviation Ltd. - Common Stock,,127,262.09,,60,272.05,-0.03661092,30,272.925,-0.01470428
128,REG,Regency Centers,Real Estate,128,78.67,,374,77.36,0.01693382,374,77.54,0.0062435
129,CPB,The Campbell's Company - Common Stock,,129,21.21,,162,20.4,0.03970588,168,20.575,-0.03546099
130,VKTX,"Viking Therapeutics, Inc. - Common Stock",,130,34.81,,,,,,,
131,HQ,Horizon Quantum Holdings Ltd. - Class A Ordinary Shares,,131,33.39,,171,38.39,-0.13024225,166,40.12,0.1996875
132,KYMR,KYMERA THERAPEUTICS INC,Health Care,132,98.25,,211,99.45,-0.01206637,242,99.85,0.09974566
133,ORKA,ORUKA THERAPEUTICS INC,Health Care,133,83.4,,209,85.38,-0.02319044,251,87.835,0.18025988
134,DLTR,Dollar Tree,Consumer Staples,134,113.41,,130,113.93,-0.00456421,12,115.075,0.02042096
135,LRCX,Lam Research,Information Technology,135,371.33,,124,409.54,-0.0932998,139,397.615,0.05269381
136,KLIC,KULICKE AND SOFFA INDUSTRIES INC,Information Technology,136,127.1,,167,124.22,0.02318467,194,121.88,0.01928284
137,FER,Ferrovial N.V. - Ordinary Shares,,137,70.01,,139,70.76,-0.01059921,108,70.28,0.02224791
138,VSEC,VSE CORP,Industrials,138,213.68,,149,215.55,-0.00867548,155,216.57,-0.01674117
139,SNEX,STONEX GROUP INC,Financials,139,137.94,,161,138.79,-0.00612436,175,139.89,-0.00158262
140,MKSI,MKS Inc. - Common Stock,,140,389.17,,165,420.56,-0.07463858,221,418.975,0.03491892
141,STRL,STERLING INFRASTRUCTURE INC,Industrials,141,892.25,,154,932.75,-0.04341999,222,924.47,0.08222722
142,PTCT,PTC THERAPEUTICS INC,Health Care,142,82.13,,158,80.96,0.01445158,156,81.01,0.02506964
143,AAL,"American Airlines Group, Inc. - Common Stock",,143,16.14,,135,16.08,0.00373134,153,16.405,0.00562852
144,OUST,OUSTER INC,Information Technology,144,45.16,,28,47.68,-0.05285235,7,49.97,0.02383509
145,ILMN,"Illumina, Inc. - Common Stock",,145,164.93,,265,161.38,0.02199777,169,162.19,-0.00339653
146,TNGX,TANGO THERAPEUTICS INC,Health Care,146,28.39,,147,28.5,-0.00385965,48,28.18,0.01894887
147,TSEM,Tower Semiconductor Ltd. - Ordinary Shares,,147,282.65,,220,316.85,-0.10793751,263,317.09,0.10500802
148,CVCO,CAVCO INDUSTRIES INC,Consumer Discretionary,148,585.0,,38,587.16,-0.00367872,19,592.2,-0.02385663
149,APGE,APOGEE THERAPEUTICS INC,Health Care,149,132.88,,204,132.55,0.00248963,289,132.605,0.46658553
150,DFTX,DEFINIUM THERAPEUTICS INC,Health Care,150,36.18,,205,36.67,-0.01336242,295,37.67,0.49795752
151,SYRE,SPYRE THERAPEUTICS INC,Health Care,151,97.05,,153,100.32,-0.03259569,225,101.09,0.13561241
152,SSRM,SSR MINING INC,Materials,152,29.26,,53,30.72,-0.04752604,33,30.51,-0.00743134
153,CAKE,CHEESECAKE FACTORY INC,Consumer Discretionary,153,77.05,,174,76.91,0.00182031,165,77.39,-0.00362741
154,WWD,"Woodward, Inc. - Common Stock",,154,428.25,,189,426.82,0.00335036,180,427.98,-0.00757999
155,ICCM,IceCure Medical Ltd. - Ordinary Shares,,155,6.12,,179,5.93,0.03204047,158,5.9501,0.09814815
156,LQDA,LIQUIDIA CORP,Health Care,156,74.04,,191,75.49,-0.01920784,206,74.965,0.0621922
157,ALKS,ALKERMES,Health Care,157,48.07,,59,46.02,0.04454585,134,46.283,0.02289398
158,PAYO,PAYONEER GLOBAL INC,Financials,158,7.06,,177,7.02,0.00569801,157,7.03,0.0
159,LNTH,LANTHEUS HOLDINGS INC,Health Care,159,106.03,,192,106.2,-0.00160075,172,105.54,0.02253033
160,QURE,uniQure N.V. - Ordinary Shares,,160,49.04,,163,44.39,0.10475332,159,45.13,-0.04104558
161,WYNN,Wynn Resorts,Consumer Discretionary,161,104.15,,198,103.62,0.00511484,171,103.915,-0.01809912
162,VCYT,VERACYTE INC,Health Care,162,53.79,,186,53.19,0.01128032,164,53.775,-0.00820436
163,GGAL,"Grupo Financiero Galicia S.A. - American Depositary Shares, Class B Shares underlying",,163,51.35,,125,53.33,-0.03712732,83,53.09,-0.0539294
164,KRYS,KRYSTAL BIOTECH INC,Health Care,164,340.21,,188,343.43,-0.009376,177,344.7,-0.0133023
165,HST,Host Hotels & Resorts,Real Estate,165,24.82,,281,25.13,-0.01233585,213,25.235,0.00479808
166,MRVL,Marvell Technology,Information Technology,166,279.04,,41,307.86,-0.09361398,44,307.22,-0.00875781
167,RYTM,RHYTHM PHARMACEUTICALS INC,Health Care,167,106.19,,181,101.39,0.04734195,190,100.455,0.04752557
168,QLYS,QUALYS INC,Information Technology,168,112.33,,280,108.51,0.03520413,271,108.79,-0.02506739
169,GH,GUARDANT HEALTH INC,Health Care,169,130.83,,272,128.83,0.01552433,202,128.945,-0.02238579
170,VRNS,VARONIS SYSTEMS INC,Information Technology,170,35.03,,,,,,,
171,NAVN,NAVAN INC CLASS A,Consumer Discretionary,171,21.28,,185,21.66,-0.01754386,189,21.945,-0.01141031
172,TVTX,TRAVERE THERAPEUTICS INC,Health Care,172,55.95,,176,55.11,0.01524224,185,55.94,-0.00072529
173,NUVL,NUVALENT INC CLASS A,Health Care,173,123.44,,196,123.42,0.00016205,147,123.425,-8.102e-05
174,SNDK,Sandisk,Information Technology,174,1963.6,,134,2273.73,-0.13639702,150,2313.1,0.04072777
175,PLXS,PLEXUS CORP,Information Technology,175,288.59,,195,303.82,-0.05012837,208,305.0,0.01283462
176,MIRM,MIRUM PHARMACEUTICALS INC,Health Care,176,111.07,,44,107.77,0.03062077,217,109.21,0.00597405
177,AMD,Advanced Micro Devices,Information Technology,177,519.85,,256,551.63,-0.05761108,154,545.985,0.02653665
178,SMTC,SEMTECH CORP,Information Technology,178,163.28,,140,174.73,-0.06552967,237,175.115,0.10427858
179,CORZ,CORE SCIENTIFIC INC,Information Technology,179,29.16,,159,29.08,0.00275103,170,29.57,-0.00274348
180,BELFB,BEL FUSE INC CLASS B,Information Technology,180,288.64,,37,304.33,-0.05155588,43,303.115,0.02678903
181,ELVN,ENLIVEN THERAPEUTICS INC,Health Care,181,48.6,,75,45.96,0.05744125,28,46.78,0.01906874
182,RIOT,RIOT PLATFORMS INC,Information Technology,182,28.69,,170,28.63,0.0020957,182,28.945,0.01886121
183,RPRX,Royalty Pharma plc - Class A Ordinary Shares,,183,55.35,,293,53.57,0.03322755,312,53.61,0.01151813
184,PTGX,PROTAGONIST THERAPEUTICS INC,Health Care,184,118.96,,175,115.03,0.034165,197,115.07,0.01922736
185,ASML,ASML Holding N.V. - New York Registry Shares,,185,1778.46,,155,1929.25,-0.07815991,14,1893.765,-0.00022283
186,QRVO,"Qorvo, Inc. - Common Stock",,186,99.6,,203,101.98,-0.02333791,232,103.045,0.03617151
187,ZION,Zions Bancorporation N.A. - Common Stock,,187,68.49,,216,67.12,0.0204112,200,67.36,0.01435696
188,HALO,"Halozyme Therapeutics, Inc. - Common Stock",,188,69.62,,316,68.99,0.00913176,314,69.14,0.00641867
189,RVMD,"Revolution Medicines, Inc. - Common Stock",,189,169.51,,202,165.81,0.0223147,218,165.88,0.01730167
190,TTWO,Take-Two Interactive,Communication Services,190,242.64,,77,239.57,0.01281463,143,238.83,0.00121197
191,TXN,Texas Instruments,Information Technology,191,304.36,,137,332.28,-0.08402552,162,329.87,0.02917673
192,ROIV,Roivant Sciences Ltd. - Common Shares,,192,32.21,,136,31.25,0.03072,72,31.655,-0.00572701
193,CSCO,Cisco,Information Technology,193,121.15,,201,121.53,-0.0031268,233,121.84,0.01664715
194,NBIX,"Neurocrine Biosciences, Inc. - Common Stock",,194,161.44,,224,161.62,-0.00111372,227,160.39,0.02103734
195,CORT,Corcept Therapeutics Incorporated - Common Stock,,195,79.85,,240,79.71,0.00175637,285,79.45,-0.00250282
196,CZR,"Caesars Entertainment, Inc. - Common Stock",,196,29.43,,226,29.29,0.00477979,214,29.305,0.00239562
197,BTSG,BRIGHTSPRING HEALTH SERVICES INC,Health Care,197,66.84,,243,67.2,-0.00535714,240,67.275,0.01433962
198,CBSH,"Commerce Bancshares, Inc. - Common Stock",,198,55.96,,89,55.08,0.01597676,88,55.435,0.00639503
199,CLSK,CLEANSPARK INC,Information Technology,199,17.19,,199,17.45,-0.01489971,140,17.7199,0.01218097
200,TEM,"Tempus AI, Inc. - Class A Common Stock",,200,48.61,,100,47.85,0.01588297,49,48.6,-0.05881196
201,LAMR,Lamar Advertising Company - Class A Common Stock,,201,152.38,,230,151.75,0.00415157,226,151.45,0.01403274
202,NTAP,NetApp,Information Technology,202,157.82,,197,158.31,-0.00309519,255,158.79,-0.00876589
203,ZBRA,Zebra Technologies,Information Technology,203,237.72,,294,245.69,-0.03243925,363,244.61,0.04114755
204,TIGO,Millicom International Cellular S.A. - Common Stock,,204,87.86,,313,85.35,0.02940832,283,85.8,0.01113612
205,NVMI,Nova Ltd. - Ordinary Shares,,205,527.88,,58,583.1,-0.09470074,66,567.935,0.01354053
206,HUT,HUT CORP,Information Technology,206,120.51,,183,121.04,-0.00437872,186,122.24,-0.0273224
207,ACLS,AXCELIS TECHNOLOGIES INC,Information Technology,207,171.06,,49,183.92,-0.06992171,52,182.67,-0.01925025
208,CINF,Cincinnati Financial,Financials,208,175.81,,91,172.46,0.01942479,112,172.72,0.0132785
209,HON,Honeywell,Industrials,209,222.37,,92,228.11,-0.0251633,77,229.21,-0.00392996
210,BPOP,"Popular, Inc. - Common Stock",,210,165.06,,238,162.73,0.0143182,224,162.165,0.0219166
211,PCVX,VAXCYTE INC,Health Care,211,51.96,,241,52.11,-0.00287853,297,51.685,0.01302488
212,MCHP,Microchip Technology,Information Technology,212,93.26,,61,102.71,-0.09200662,102,102.245,0.02946778
213,FWONK,Liberty Media Corporation - Series C Liberty Formula One Common Stock,,213,89.19,,247,89.35,-0.00179071,248,89.44,-0.01553548
214,PFG,Principal Financial Group,Financials,214,112.36,,239,111.23,0.01015913,241,111.295,0.01515013
215,CAMT,Camtek Ltd. - Ordinary Shares,,215,169.39,,39,195.72,-0.13452892,78,197.42,0.00286944
216,JAZZ,Jazz Pharmaceuticals plc - Ordinary Shares,,216,230.25,,342,225.92,0.01916608,335,226.895,0.00560848
217,LIN,Linde plc,Materials,217,512.26,,110,516.71,-0.00861218,122,515.1,0.00890364
218,SIRI,SiriusXM Holdings Inc. - Common Stock,,218,28.08,,232,27.94,0.00501074,204,27.93,-0.00321085
219,FCFS,FIRSTCASH HOLDINGS INC,Financials,219,223.51,,32,228.89,-0.02350474,26,229.94,0.00810394
220,FCEL,"FuelCell Energy, Inc. - Common Stock",,220,21.82,,19,24.39,-0.10537105,37,24.73,0.01455907
221,CASY,Casey's,Consumer Staples,221,831.89,,253,831.67,0.00026453,250,834.47,-0.01256159
222,XENE,XENON PHARMACEUTICALS INC,Health Care,222,54.61,,,,,,,
223,BRKR,Bruker Corporation - Common Stock,,223,55.11,,94,56.53,-0.02511941,99,56.77,-0.01223135
224,GFS,GlobalFoundries Inc. - Ordinary Share,,224,83.39,,80,89.67,-0.07003457,142,90.23,0.0447396
225,ICLR,ICON plc - Ordinary Shares,,225,142.67,,249,140.73,0.01378526,247,143.405,-0.03609589
226,CVLT,COMMVAULT SYSTEMS INC,Information Technology,226,125.23,,143,126.01,-0.00618998,262,125.47,-0.03091594
227,ARCB,ARCBEST CORP,Industrials,227,143.74,,251,145.6,-0.01277473,267,146.885,0.00740331
228,XEL,Xcel Energy,Utilities,228,80.33,,261,78.81,0.01928689,266,78.695,0.01808552
229,FTNT,Fortinet,Information Technology,229,148.0,,180,145.39,0.01795172,270,144.46,0.00456022
230,MTCH,"Match Group, Inc. - Common Stock",,230,35.31,,258,35.24,0.00198638,272,35.285,-0.00592384
231,BBIO,BRIDGEBIO PHARMA INC,Health Care,231,68.63,,254,68.92,-0.00420778,258,69.53,0.03998793
232,GLXY,Galaxy Digital Inc. - Class A common stock,,232,31.35,,99,33.12,-0.05344203,86,34.05,-0.03157895
233,WBD,Warner Bros. Discovery,Communication Services,233,26.88,,369,26.95,-0.0025974,396,26.82,0.02862595
234,BULL,WEBULL CORP CLASS A,Financials,234,6.64,,217,6.86,-0.03206997,179,6.98,-0.03107345
235,ACGL,Arch Capital Group,Financials,235,93.71,,344,92.04,0.01814429,344,91.805,0.00943189
236,CROX,"Crocs, Inc. - Common Stock",,236,121.14,,255,123.8,-0.02148627,110,124.455,-0.009996
237,PANW,Palo Alto Networks,Information Technology,237,290.915,,172,286.4,0.01576466,167,286.84,-0.00479533
238,KDP,Keurig Dr Pepper,Consumer Staples,238,30.87,,276,30.87,0.0,286,30.905,0.00357607
239,STLD,Steel Dynamics,Materials,239,243.69,,267,250.98,-0.02904614,260,251.07,0.00428154
240,FRSH,FRESHWORKS INC CLASS A,Information Technology,240,9.19,,360,8.93,0.02911534,359,8.8807,0.00790068
241,RELY,REMITLY GLOBAL INC,Financials,241,20.4,,270,20.66,-0.0125847,274,20.8901,-0.02085308
242,ADI,Analog Devices,Information Technology,242,407.26,,46,445.48,-0.0857951,121,442.885,0.02536482
243,DNTH,DIANTHUS THERAPEUTICS INC,Health Care,243,87.53,,246,87.37,0.00183129,246,86.45,0.05915869
244,SANM,SANMINA CORP,Information Technology,244,247.04,,178,253.45,-0.02529098,230,252.2,0.04952586
245,TTEK,"Tetra Tech, Inc. - Common Stock",,245,28.04,,290,27.15,0.03278085,300,27.05,-0.00767544
246,MRCY,MERCURY SYSTEMS INC,Industrials,246,110.87,,269,111.76,-0.00796349,261,111.47,-0.01887455
247,MAR,Marriott International,Consumer Discretionary,247,386.83,,306,384.19,0.0068716,292,386.055,-0.03031297
248,PAYX,Paychex,Industrials,248,97.99,,289,95.93,0.02147399,307,97.5,-0.02351384
249,FROG,JFrog Ltd. - Ordinary shares,,249,78.71,,315,79.89,-0.01477031,275,80.3,-0.0342118
250,TGTX,TG THERAPEUTICS INC,Health Care,250,53.94,,145,54.4,-0.00845588,201,54.84,0.02217212
251,ARM,Arm Holdings plc - American Depositary Shares,,251,366.39,,2,407.72,-0.10136859,2,409.43,-0.072225
252,AVT,"Avnet, Inc. - Common Stock",,252,89.6,,182,92.45,-0.03082747,191,93.11,0.0107139
253,ROP,Roper Technologies,Information Technology,253,329.54,,279,325.09,0.01368852,313,325.8,-0.01563943
254,CRWV,"CoreWeave, Inc. - Class A Common Stock",,254,105.72,,148,111.29,-0.05004942,144,112.475,-0.0564646
255,JKHY,Jack Henry & Associates,Financials,255,125.25,,443,123.42,0.01482742,454,123.525,-0.02226095
256,LSTR,"Landstar System, Inc. - Common Stock",,256,207.5,,271,209.02,-0.00727203,264,211.07,0.00781099
257,NXPI,NXP Semiconductors,Information Technology,257,299.94,,207,323.24,-0.07208266,210,321.675,0.03182558
258,CDNS,Cadence Design Systems,Information Technology,258,379.06,,166,389.04,-0.02565289,278,383.37,0.00425927
259,APLD,APPLIED DIGITAL CORP,Information Technology,259,45.27,,212,45.2,0.00154867,27,46.67,-0.02983473
260,MNST,Monster Beverage,Consumer Staples,260,93.69,,284,93.02,0.00720275,305,92.7583,0.01839282
261,RGEN,Repligen Corporation - Common Stock,,261,126.37,,210,126.57,-0.00158015,135,126.47,-0.04128162
262,AXSM,AXSOME THERAPEUTICS INC,Health Care,262,241.97,,283,247.85,-0.02372403,195,248.98,-0.01057884
263,EXE,Expand Energy,Energy,263,88.73,,407,88.44,0.00327906,450,87.605,0.01678547
264,NTES,"NetEase, Inc. - American Depositary Shares, each representing 5 ordinary shares",,264,119.25,,285,121.57,-0.01908366,282,122.45,0.00197808
265,ON,ON Semiconductor,Information Technology,265,117.06,,168,131.55,-0.11014823,239,130.37,0.08164776
266,FFIV,"F5, Inc.",Information Technology,266,389.53,,215,391.27,-0.00444706,320,387.7,0.0149939
267,TMDX,TRANSMEDICS GROUP INC,Health Care,267,73.83,,275,75.51,-0.02224871,296,75.45,-0.04162965
268,ULTA,Ulta Beauty,Consumer Discretionary,268,459.33,,385,465.06,-0.01232099,411,460.925,0.01957775
269,JBHT,J.B. Hunt,Industrials,269,269.24,,287,273.48,-0.01550388,308,275.93,0.00833272
270,ODFL,Old Dominion,Industrials,270,217.58,,288,219.52,-0.00883746,293,220.49,-0.00687658
271,ROST,Ross Stores,Consumer Discretionary,271,229.05,,64,236.97,-0.03342195,65,236.8,0.01791237
272,POWI,POWER INTEGRATIONS INC,Information Technology,272,80.57,,7,87.35,-0.07761878,15,89.59,0.00275514
273,SWKS,Skyworks Solutions,Information Technology,273,73.44,,229,76.18,-0.03596745,252,77.33,0.05148378
274,MDLZ,Mondelez International,Consumer Staples,274,61.06,,379,59.51,0.02604604,379,59.995,-0.01014637
275,LFUS,"Littelfuse, Inc. - Common Stock",,275,466.96,,193,489.1,-0.04526682,205,483.105,0.01934059
276,TROW,T. Rowe Price,Financials,276,106.0,,228,107.99,-0.01842763,93,108.5275,0.00315838
277,ARGX,argenx SE - American Depositary Shares,,277,853.4,,50,903.75,-0.05571231,173,909.23,0.02965638
278,FAST,Fastenal,Industrials,278,45.6,,200,46.12,-0.01127493,35,46.715,0.00501199
279,EXEL,"Exelixis, Inc. - Common Stock",,279,51.34,,282,51.35,-0.00019474,303,51.815,-0.0107879
280,IESC,IES INC,Industrials,280,710.54,,206,754.74,-0.05856321,244,753.75,0.05944777
281,CRWD,CrowdStrike,Information Technology,281,680.92,,292,675.44,0.00811323,188,683.47,-0.01375464
282,REGN,Regeneron Pharmaceuticals,Health Care,282,618.03,,311,612.5,0.00902857,333,608.91,0.00419713
283,QNT,Quantinuum Inc. - Class A Common Stock,,283,77.46,,307,68.27,0.13461257,323,71.515,-0.02191977
284,CSX,CSX Corporation,Industrials,284,46.16,,318,46.2,-0.0008658,330,46.2303,0.01249178
285,CHDN,"Churchill Downs, Incorporated - Common Stock",,285,86.32,,296,86.35,-0.00034742,309,87.04,-0.02175144
286,WMT,Walmart,Consumer Staples,286,119.42,,361,117.18,0.01911589,364,117.25,0.0
287,SLAB,SILICON LABORATORIES INC,Information Technology,287,218.72,,231,219.78,-0.004823,223,219.88,0.00013652
288,POWL,POWELL INDUSTRIES INC,Industrials,288,291.5,,17,307.8,-0.05295647,29,305.84,0.03566622
289,TMUS,T-Mobile US,Communication Services,289,184.57,,343,180.06,0.02504721,346,181.525,-0.00886222
290,BTDR,BITDEER TECHNOLOGIES GROUP CLASS A,Information Technology,290,17.23,,252,17.43,-0.01147447,129,17.97,-0.02788622
291,LEGN,Legend Biotech Corporation - American Depositary Shares,,291,29.3,,335,29.34,-0.00136333,265,29.285,0.05048335
292,CHRW,C.H. Robinson,Industrials,292,178.84,,237,187.07,-0.04399423,199,189.5025,0.0109706
293,AGNC,AGNC Investment Corp. - Common Stock,,293,10.44,,314,10.38,0.00578035,326,10.425,0.0
294,BIIB,Biogen,Health Care,294,197.19,,18,199.71,-0.0126183,220,199.03,0.01592227
295,MXL,MAXLINEAR INC,Information Technology,295,89.08,,268,96.44,-0.07631688,294,97.965,0.08652546
296,WTW,Willis Towers Watson,Financials,296,257.55,,320,252.97,0.01810491,317,254.14,-0.00873824
297,INSM,Insmed Incorporated - Common Stock,,297,102.15,,324,98.605,0.03595152,353,98.515,0.02927975
298,DXCM,Dexcom,Health Care,298,68.92,,337,69.07,-0.00217171,281,68.89,-0.04691597
299,SFM,"Sprouts Farmers Market, Inc. - Common Stock",,299,84.51,,424,80.84,0.04539832,449,81.675,0.00434837
300,PRAX,PRAXIS PRECISION MEDICINES INC,Health Care,300,305.37,,295,303.39,0.00652625,352,302.89,0.07466969
301,GTX,GARRETT MOTION INC,Consumer Discretionary,301,33.75,,273,34.49,-0.02145549,277,34.37,0.00495338
302,INIO,INNIO N.V. - Ordinary Shares,,302,38.31,,303,41.13,-0.06856309,322,42.16,0.09826435
303,DBX,"Dropbox, Inc. - Class A Common Stock",,303,26.56,,387,25.8,0.02945736,405,25.715,-0.00654601
304,PEP,PepsiCo,Consumer Staples,304,142.05,,327,140.71,0.00952313,334,141.04,-0.00922405
305,DDOG,Datadog,Information Technology,305,220.57,,300,221.37,-0.00361386,318,219.4001,-0.00730942
306,BNTX,BioNTech SE - American Depositary Shares,,306,90.62,,322,90.19,0.00476771,290,91.45,-0.00770162
307,ENSG,ENSIGN GROUP INC,Health Care,307,158.89,,353,156.78,0.01345835,343,156.11,0.02037097
308,ASO,ACADEMY SPORTS AND OUTDOORS INC,Consumer Discretionary,308,49.7,,298,51.88,-0.04202005,325,52.58,0.00115785
309,UPST,UPSTART HOLDINGS INC,Financials,309,31.46,,245,31.32,0.00446999,111,31.5,-0.03422757
310,NOVT,NOVANTA INC,Information Technology,310,151.34,,301,155.66,-0.02775279,315,156.91,0.00231809
311,DKNG,DraftKings Inc. - Class A Common Stock,,311,25.15,,310,25.65,-0.01949318,310,25.955,-0.02804092
312,PODD,Insulet Corporation,Health Care,312,143.9,,352,138.97,0.03547528,347,139.835,-0.04658342
313,GRAB,Grab Holdings Limited - Class A Ordinary Shares,,313,3.46,,317,3.49,-0.00859599,328,3.545,-0.02240896
314,RIVN,"Rivian Automotive, Inc. - Class A Common Stock",,314,14.89,,304,15.1,-0.01390728,268,15.39,-0.08595642
315,VRSK,Verisk Analytics,Industrials,315,174.76,,350,168.99,0.03414403,365,168.97,-0.02767549
316,GSAT,GLOBALSTAR VOTING INC,Communication,316,79.91,,338,79.81,0.00125298,329,79.89,-0.00746176
317,CG,The Carlyle Group Inc. - Common Stock,,317,42.91,,341,44.57,-0.03724478,338,44.965,-0.00513393
318,LKQ,LKQ Corporation - Common Stock,,318,25.73,,308,25.41,0.01259347,321,25.275,-0.01511628
319,IBRX,IMMUNITYBIO INC,Health Care,319,7.32,,302,7.22,0.01385042,324,7.32,-0.01902174
320,VTRS,Viatris,Health Care,320,15.75,,396,15.38,0.02405722,402,15.345,0.00065062
321,CGNX,Cognex Corporation - Common Stock,,321,63.96,,23,67.6,-0.05384615,24,67.145,0.02269289
322,LSCC,Lattice Semiconductor Corporation - Common Stock,,322,144.605,,208,155.27,-0.0686868,207,156.11,0.01008327
323,CEG,Constellation Energy,Utilities,323,270.26,,321,275.53,-0.01912677,301,276.48,0.00536379
324,URBN,URBAN OUTFITTERS INC,Consumer Discretionary,324,71.0,,309,72.75,-0.02405498,319,72.65,-0.04802408
325,HAS,Hasbro,Consumer Discretionary,325,82.87,,340,84.39,-0.01801161,369,84.655,-0.00413028
326,PYPL,PayPal,Financials,326,41.7,,334,42.34,-0.01511573,342,42.335,-0.00399906
327,CELH,"Celsius Holdings, Inc. - Common Stock",,327,28.16,,305,29.12,-0.03296703,299,29.25,-0.05454545
328,TSCO,Tractor Supply,Consumer Discretionary,328,29.68,,330,29.81,-0.00436095,350,29.555,-0.01421958
329,VIAV,VIAVI SOLUTIONS INC,Information Technology,329,49.97,,227,52.94,-0.05610125,276,52.57,0.12232351
330,MTSI,"MACOM Technology Solutions Holdings, Inc. - Common Stock",,330,372.15,,213,396.26,-0.06084389,245,394.26,0.0123911
331,MDLN,Medline Inc. - Class A common stock,,331,35.3,,339,34.71,0.01699798,306,35.34,-0.03422371
332,QCOM,Qualcomm,Information Technology,332,204.13,,222,221.9,-0.08008112,235,227.0028,-0.01861926
333,FSLR,First Solar,Information Technology,333,249.24,,291,263.11,-0.05271559,302,265.65,0.0209934
334,RGLD,"Royal Gold, Inc. - Common Stock",,334,206.61,,328,214.65,-0.03745632,332,215.27,-0.00079136
335,LAES,SEALSQ Corp - Ordinary Shares,,335,3.34,,,,,,,
336,CHTR,Charter Communications,Communication Services,336,131.75,,358,125.54,0.04946631,354,127.3,-0.00546621
337,FLNC,FLUENCE ENERGY INC CLASS A,Industrials,337,21.21,,151,25.19,-0.15799921,198,25.6351,0.01572581
338,TW,Tradeweb Markets Inc. - Class A Common Stock,,338,99.18,,362,98.2,0.00997963,366,98.5,-0.01296613
339,SITM,SITIME CORP,Information Technology,339,706.9,,221,753.12,-0.06137136,269,745.07,0.03302974
340,MDB,"MongoDB, Inc. - Class A Common Stock",,340,320.97,,359,319.16,0.00567114,358,313.84,-0.04084147
341,LGN,LEGENCE CORP CLASS A,Industrials,341,81.02,,214,88.2,-0.0814059,254,89.0,0.03073507
342,SYNA,SYNAPTICS INC,Information Technology,342,134.41,,236,143.79,-0.06523402,216,143.88,0.02058343
343,NTNX,"Nutanix, Inc. - Class A Common Stock",,343,47.89,,286,46.61,0.02746192,397,45.975,-0.00618337
344,FSLY,FASTLY INC CLASS A,Information Technology,344,16.66,,382,17.17,-0.02970297,370,16.93,-0.04078212
345,AEHR,AEHR TEST SYSTEMS,Information Technology,345,102.39,,30,113.33,-0.09653225,32,117.04,-0.01708586
346,AXON,Axon Enterprise,Industrials,346,433.04,,403,410.03,0.05611785,336,413.135,-0.0315777
347,EBAY,eBay Inc.,Consumer Discretionary,347,108.97,,448,104.94,0.0384029,429,105.485,-0.0304878
348,FIGR,"Figure Technology Solutions, Inc. - Class A Common Stock",,348,27.98,,479,29.09,-0.03815744,410,30.5,0.01891419
349,MKTX,"MarketAxess Holdings, Inc. - Common Stock",,349,118.17,,355,117.12,0.00896516,368,117.29,-0.02667664
350,ONC,BeOne Medicines Ltd. - American Depositary Shares,,350,276.13,,297,271.8,0.01593083,291,271.49,0.00610772
351,CHYM,"Chime Financial, Inc. - Class A Common Stock",,351,16.67,,319,16.92,-0.01477541,371,17.125,-0.03863636
352,GEHC,GE HealthCare,Health Care,352,63.72,,386,60.64,0.05079156,380,60.93,-0.01542458
353,ALM,Almonty Industries Inc. - Common Shares,,353,18.19,,264,18.66,-0.02518757,287,19.145,-0.00797448
354,SHOP,Shopify Inc. - Class A Subordinate Voting Shares,,354,107.68,,366,107.98,-0.00277829,367,108.02,-0.00799265
355,AAON,"AAON, Inc. - Common Stock",,355,129.45,,250,136.16,-0.04928026,256,137.53,-0.00409596
356,NWS,News Corp (Class B),Communication Services,356,28.3,,,,,,,
357,IDXX,Idexx Laboratories,Health Care,357,541.31,,375,545.73,-0.00809924,386,548.345,-0.02910566
358,XP,XP Inc. - Class A Common Stock,,358,15.72,,364,15.99,-0.01688555,362,15.94,0.04509804
359,ABVX,Abivax SA - American Depositary Shares,,359,98.43,,483,101.66,-0.03177258,361,102.735,0.02531518
360,NWSA,News Corp (Class A),Communication Services,360,24.98,,367,24.61,0.01503454,375,24.725,-0.02650316
361,CNTA,Centessa Pharmaceuticals plc - American Depositary Shares,,361,40.5,,323,40.18,0.00796416,327,40.065,0.003998
362,VELO,"Velo3D, Inc. - Common stock",,362,20.66,,169,24.31,-0.15014397,9,25.71,-0.18586738
363,SNY,Sanofi - American Depositary Shares,,363,41.6,,378,41.78,-0.00430828,372,41.59,-0.01415762
364,HLNE,Hamilton Lane Incorporated - Class A Common Stock,,364,75.63,,349,79.51,-0.04879889,351,81.54,-0.03296035
365,HQY,HEALTHEQUITY INC,Health Care,365,84.92,,332,84.61,0.00366387,298,85.32,-0.00704143
366,PURR,Hyperliquid Strategies Inc - Common Stock,,366,8.14,,299,9.2,-0.11521739,74,9.435,-0.00862069
367,ADP,Automatic Data Processing,Industrials,367,220.5,,336,214.6,0.02749301,337,215.56,-0.01744426
368,ESLT,Elbit Systems Ltd. - Ordinary Shares,,368,772.45,,372,774.62,-0.00280137,357,776.8,-0.01726653
369,RGTI,RIGETTI COMPUTING INC,Information Technology,369,21.28,,190,21.38,-0.00467727,192,22.3001,0.00093633
370,VNOM,"Viper Energy, Inc.  - Class A Common Stock",,370,43.68,,417,43.56,0.00275482,453,43.3782,0.00809998
371,IRDM,Iridium Communications Inc - Common Stock,,371,44.16,,470,43.3,0.01986143,423,43.245,-0.0284945
372,BAND,BANDWIDTH INC CLASS A,Communication,372,52.73,,466,50.82,0.03758363,464,50.38,-0.01109165
373,GTLB,GitLab Inc. - Class A Common Stock,,373,27.0,,368,25.83,0.04529617,339,25.755,-0.02748494
374,AAPL,Apple Inc.,Information Technology,374,294.3,,329,297.01,-0.00912427,238,299.12,-0.00335559
375,RCAT,RED CAT HOLDINGS INC,Industrials,375,10.18,,365,10.63,-0.04233302,345,10.855,-0.0708042
376,AUR,"Aurora Innovation, Inc.  - Class A Common Stock",,376,6.42,,371,6.56,-0.02134146,431,6.685,0.04458599
377,CTAS,Cintas,Industrials,377,168.8,,381,169.45,-0.00383594,391,169.91,-0.00819432
378,GILD,Gilead Sciences,Health Care,378,125.05,,388,124.87,0.0014415,389,125.09,0.00896897
379,NDAQ,"Nasdaq, Inc.",Financials,379,82.49,,380,82.61,-0.00145261,426,82.5618,0.00449903
380,TTAN,"ServiceTitan, Inc. - Class A Common Stock",,380,64.19,,419,62.57,0.025891,413,62.725,-0.02584462
381,TPG,TPG Inc. - Class A Common Stock,,381,39.58,,393,41.19,-0.03908716,73,41.65,-0.02045184
382,ORLY,O’Reilly Automotive,Consumer Discretionary,382,87.54,,404,85.63,0.02230527,412,85.19,-0.01393367
383,ALNY,"Alnylam Pharmaceuticals, Inc. - Common Stock",,383,288.18,,377,286.41,0.00617995,382,284.27,0.02991837
384,TRI,Thomson Reuters Corp - Common Shares,,384,80.71,,422,76.55,0.05434357,457,77.17,-0.02583355
385,ISRG,Intuitive Surgical,Health Care,385,403.18,,423,402.95,0.00057079,446,401.76,-0.00941541
386,SSNC,"SS&C Technologies Holdings, Inc. - Common Stock",,386,66.18,,402,65.13,0.0161216,395,64.9202,-0.0044329
387,GLPI,"Gaming and Leisure Properties, Inc. - Common Stock",,387,44.71,,397,44.19,0.01176737,401,44.335,-0.00897062
388,CRUS,"Cirrus Logic, Inc. - Common Stock",,388,157.78,,331,165.41,-0.0461278,331,167.29,0.000726
389,CMCSA,Comcast,Communication Services,389,22.8,,405,22.32,0.02150538,435,22.435,-0.00490415
390,MANH,"Manhattan Associates, Inc. - Common Stock",,390,130.18,,411,128.77,0.01094976,400,128.0,-0.02653462
391,LOGI,Logitech International S.A. - Registered Shares,,391,104.39,,373,106.83,-0.02284003,383,107.29,-0.00752508
392,KHC,Kraft Heinz,Consumer Staples,392,22.47,,392,22.03,0.01997276,387,22.165,-0.03461876
393,WDAY,"Workday, Inc.",Information Technology,393,115.13,,458,113.04,0.01848903,455,113.125,-0.03326777
394,TCOM,Trip.com Group Limited - American Depositary Shares,,394,45.5,,266,46.42,-0.01981904,279,46.58,0.02926829
395,QUBT,QUANTUM COMPUTING INC,Information Technology,395,10.49,,333,10.54,-0.00474383,196,11.135,-0.0204461
396,MPWR,Monolithic Power Systems,Information Technology,396,1423.76,,312,1537.88,-0.07420605,349,1534.22,-0.01651212
397,SNPS,Synopsys,Information Technology,397,461.5,,391,464.58,-0.00662964,417,460.48,0.01991175
398,PSKY,Paramount Skydance Corporation,Communication Services,398,9.715,,384,9.89,-0.01769464,378,10.055,-0.00503018
399,NVDA,Nvidia,Information Technology,399,200.04,,348,208.65,-0.04126528,355,209.11,-0.00968247
400,COST,Costco,Consumer Staples,400,957.68,,433,951.35,0.0066537,448,947.885,-0.0001051
401,GEN,Gen Digital,Information Technology,401,23.26,,346,23.01,0.01086484,341,22.615,-0.0483871
402,IREN,IREN Limited - Ordinary Shares,,402,54.72,,357,56.87,-0.03780552,316,58.105,-0.05153436
403,CTSH,Cognizant,Information Technology,403,40.95,,400,41.83,-0.02103753,394,41.4765,-0.04279176
404,SAIA,"Saia, Inc. - Common Stock",,404,430.87,,409,436.05,-0.01187937,406,440.66,0.00213734
405,PEGA,Pegasystems Inc. - Common Stock,,405,29.84,,438,29.38,0.01565691,,,
406,NXST,"Nexstar Media Group, Inc. - Common Stock",,406,167.01,,,,,,,
407,DOX,Amdocs Limited - Ordinary Shares,,407,52.35,,439,51.69,0.01276843,436,50.47,0.00427433
408,CSGP,CoStar Group,Real Estate,408,30.26,,456,29.22,0.03559206,430,29.31,-0.02988048
409,NXT,NEXTPOWER INC CLASS A,Industrials,409,120.64,,345,129.07,-0.0653134,416,129.065,0.02517871
410,TRMB,Trimble Inc.,Information Technology,410,49.19,,418,49.23,-0.00081251,433,49.04,0.00142392
411,HTHT,H World Group Limited - American Depositary Shares,,411,42.66,,427,42.41,0.00589484,420,42.415,-0.00235239
412,FANG,Diamondback Energy,Energy,412,187.91,,428,187.8,0.00058573,445,187.48,0.02343324
413,MSFT,Microsoft,Information Technology,413,373.94,,437,367.34,0.01796701,443,370.45,-0.03178703
414,VSNT,"Versant Media Group, Inc. - Class A Common Stock",,414,37.88,,395,38.53,-0.01686997,437,38.29,0.00837477
415,GOOGL,Alphabet Inc. (Class A),Communication Services,415,346.13,,412,349.68,-0.01015214,415,348.19,-0.04986007
416,CHKP,Check Point Software Technologies Ltd. - Ordinary Shares,,416,123.89,,426,120.3,0.02984206,414,119.63,-0.01659446
417,META,Meta Platforms,Communication Services,417,562.2,,416,563.85,-0.00292631,422,565.95,-0.02316275
418,SMMT,Summit Therapeutics Inc.  - Common Stock,,418,14.25,,436,14.28,-0.00210084,376,14.395,0.03854545
419,APP,AppLovin,Information Technology,419,467.02,,394,469.39,-0.00504911,421,466.3,-0.00068127
420,DPZ,Domino's,Consumer Discretionary,420,283.03,,326,295.11,-0.04093389,311,295.055,-0.05555733
421,OLLI,"Ollie's Bargain Outlet Holdings, Inc. - Common Stock",,421,72.79,,454,73.42,-0.00858077,404,74.5209,-0.04537771
422,AMZN,Amazon,Consumer Discretionary,422,234.11,,431,232.79,0.00567035,447,233.96,-0.04746512
423,PCTY,Paylocity Holding Corporation - Common Stock,,423,100.89,,421,99.51,0.01386795,444,99.63,-0.01533742
424,FOX,Fox Corporation (Class B),Communication Services,424,44.55,,446,44.93,-0.0084576,440,44.855,-0.04302449
425,BKR,Baker Hughes,Energy,425,58.68,,414,59.15,-0.0079459,434,58.425,0.01266906
426,GOOG,Alphabet Inc. (Class C),Communication Services,426,346.08,,410,348.78,-0.00774127,408,347.2699,-0.05083547
427,FUTU,Futu Holdings Limited - American Depositary Shares,,427,97.9,,408,99.97,-0.02070621,465,100.73,0.03445778
428,LULU,Lululemon Athletica,Consumer Discretionary,428,108.92,,452,105.43,0.03310253,425,105.54,-0.05672363
429,TEAM,Atlassian Corporation  - Class A Common Stock,,429,81.35,,457,79.96,0.01738369,467,79.565,-0.03336557
430,MELI,"MercadoLibre, Inc. - Common Stock",,430,1583.66,,347,1589.45,-0.00364277,304,1602.93,-0.02794851
431,CPRT,Copart,Industrials,431,29.6,,413,29.48,0.00407056,441,29.565,-0.02480979
432,XE,"X-Energy, Inc. - Class A Common Stock",,432,21.09,,449,20.155,0.04639047,360,20.67,-0.06516698
433,TSLA,"Tesla, Inc.",Consumer Discretionary,433,381.61,,401,405.05,-0.0578694,348,408.115,0.01138605
434,SBAC,SBA Communications,Real Estate,434,189.59,,435,187.59,0.01066155,409,187.73,0.00385295
435,ZM,"Zoom Communications, Inc. - Class A Common Stock",,435,86.445,,451,84.34,0.0249585,459,84.28,-0.02339046
436,DOCU,"DocuSign, Inc. - Common Stock",,436,42.67,,473,42.71,-0.00093655,477,42.76,-0.01748332
437,ERIC,Ericsson - American Depositary Shares each representing 1 underlying Class B share,,437,11.38,,441,11.72,-0.02901024,451,11.66,0.02987698
438,APA,APA Corporation,Energy,438,34.22,,445,34.2,0.0005848,474,34.015,0.03542234
439,AVGO,Broadcom,Information Technology,439,380.15,,429,392.13,-0.03055109,432,397.05,-0.0467242
440,COIN,Coinbase,Financials,440,158.18,,399,164.84,-0.04040281,403,165.38,0.00967781
441,BSY,"Bentley Systems, Incorporated - Class B Common Stock",,441,28.42,,440,28.87,-0.01558711,428,28.78,-0.01735875
442,SMCI,Supermicro,Information Technology,442,33.32,,325,35.46,-0.06034969,373,36.4,0.15655577
443,CHRD,Chord Energy Corporation - Common Stock,,443,124.44,,432,124.45,-8.035e-05,466,123.62,0.01080247
444,FISV,Fiserv,Financials,444,47.3,,434,47.18,0.00254345,424,47.57,-0.01420811
445,INOD,INNODATA INC,Industrials,445,87.03,,398,90.68,-0.04025143,356,91.1,-0.0504712
446,CELC,CELCUITY INC,Health Care,446,90.21,,497,89.93,0.00311353,496,90.59,0.02472653
447,CME,CME Group,Financials,447,242.26,,453,245.2,-0.01199021,468,245.895,-0.00478935
448,PLTR,Palantir Technologies,Information Technology,448,116.7,,444,119.5,-0.02343096,393,120.95,-0.06982175
449,NVTS,NAVITAS SEMICONDUCTOR CORP,Information Technology,449,21.4,,260,23.7,-0.09704641,236,23.95,-0.01332223
450,WFRD,Weatherford International plc - Ordinary shares,,450,89.39,,465,91.78,-0.02604053,475,91.67,0.00163702
451,INTU,Intuit,Information Technology,451,258.05,,487,257.77,0.00108624,494,256.91,-0.03456929
452,FOXA,Fox Corporation (Class A),Communication Services,452,48.79,,406,49.39,-0.01214821,438,49.16,-0.05437488
453,KTOS,KRATOS DEFENSE AND SECURITY SOLUTI,Industrials,453,50.8,,455,51.09,-0.00567626,399,51.54,-0.05755396
454,VRSN,Verisign,Information Technology,454,247.22,,461,247.69,-0.00189753,469,247.63,-0.06404927
455,NFLX,Netflix,Communication Services,455,72.82,,447,72.88,-0.00082327,442,73.17,-0.05815456
456,OPEN,Opendoor Technologies Inc  - Common Stock,,456,4.2,,430,4.28,-0.01869159,427,4.35,-0.04250559
457,JD,"JD.com, Inc. - American Depositary Shares",,457,26.12,,462,27.02,-0.03330866,461,27.2299,-0.01994922
458,GDS,GDS Holdings Limited - American Depositary Shares,,458,31.88,,471,31.71,0.00536108,485,32.15,0.00730623
459,AVAV,AEROVIRONMENT INC,Industrials,459,149.08,,450,151.33,-0.01486817,385,152.97,-0.10777666
460,CBRS,Cerebras Systems Inc. - Class A Common Stock,,460,226.72,,495,224.43,0.01020363,500,232.28,-0.04379873
461,ADBE,Adobe Inc.,Information Technology,461,197.43,,474,194.9,0.01298102,482,193.055,-0.00133224
462,QS,QuantumScape Corporation - Common Stock,,462,7.42,,389,7.61,-0.02496715,381,7.8097,-0.05348259
463,ADSK,Autodesk,Information Technology,463,188.78,,460,187.72,0.00564671,472,187.505,-0.0314725
464,Z,"Zillow Group, Inc. - Class C Capital Stock",,464,30.5,,464,30.31,0.00626856,439,30.6,-0.0560573
465,NTSK,"Netskope, Inc. - Class A Common Stock",,465,9.53,,488,8.95,0.06480447,490,8.995,-0.01104972
466,FIVE,"Five Below, Inc. - Common Stock",,466,185.95,,459,193.45,-0.03876971,460,193.38,-0.00314336
467,BIDU,"Baidu, Inc. - American Depositary Shares, each representing 8 ordinary share",,467,110.14,,467,111.74,-0.01431895,481,112.39,-0.00017895
468,PTEN,PATTERSON UTI ENERGY INC,Energy,468,10.07,,480,10.2,-0.0127451,478,9.955,0.01593625
469,MNDY,monday.com Ltd. - Ordinary Shares,,469,70.01,,478,70.36,-0.00497442,462,69.97,-0.01635677
470,PTC,PTC Inc.,Information Technology,470,112.33,,469,115.0,-0.02321739,458,114.66,0.00217865
471,RMBS,RAMBUS INC,Information Technology,471,128.21,,356,140.35,-0.08649804,418,137.71,-0.0058086
472,RUN,SUNRUN INC,Industrials,472,12.81,,425,13.62,-0.05947137,470,13.7,0.00739645
473,PDD,PDD Holdings Inc. - American Depositary Shares,,473,76.56,,475,78.11,-0.01984381,476,78.37,-0.01822524
474,NNE,NANO NUCLEAR ENERGY INC,Industrials,474,23.9,,277,25.64,-0.06786271,90,26.52,-0.09110245
475,USAR,USA RARE EARTH INC CLASS A,Materials,475,22.89,,354,24.12,-0.05099502,340,24.835,-0.0211039
476,AKAM,Akamai Technologies,Information Technology,476,119.87,,481,120.74,-0.00720557,488,120.815,-0.03338404
477,TTD,Trade Desk (The),Communication Services,477,17.93,,476,18.02,-0.00499445,487,18.105,-0.02647218
478,VSAT,VIASAT INC,Information Technology,478,63.88,,484,64.23,-0.00544917,479,65.045,0.00155933
479,CENX,CENTURY ALUMINUM,Materials,479,47.33,,463,49.53,-0.04441752,407,49.165,-0.04215819
480,ONDS,Ondas Inc - Common Stock,,480,8.53,,472,8.89,-0.04049494,483,9.135,-0.04099245
481,SAIL,"SailPoint, Inc. - Common Stock",,481,12.88,,486,12.63,0.01979414,480,12.825,-0.05251313
482,ZS,"Zscaler, Inc. - Common Stock",,482,126.17,,492,124.06,0.0170079,492,123.18,-0.00632759
483,SATS,ECHOSTAR CORP CLASS A,Communication,483,103.915,,489,106.4,-0.02335526,452,106.89,-0.02537327
484,LITE,Lumentum,Information Technology,484,827.92,,351,893.93,-0.07384247,377,901.19,0.05168235
485,SYM,Symbotic Inc. - Class A Common Stock,,485,38.57,,468,40.2,-0.04054726,484,39.7,-0.03550864
486,AMBA,AMBARELLA INC,Information Technology,486,65.51,,415,70.71,-0.07353981,471,70.69,0.01057596
487,AAOI,APPLIED OPTOELECTRONICS INC,Information Technology,487,147.44,,363,171.23,-0.13893593,384,174.8,0.0579549
488,SEDG,"SolarEdge Technologies, Inc. - Common Stock",,488,52.36,,370,57.55,-0.09018245,388,58.895,-0.00861326
489,SOUN,SOUNDHOUND AI INC CLASS A,Information Technology,489,6.44,,485,6.88,-0.06395349,486,7.025,-0.03370787
490,EOSE,EOS ENERGY ENTERPRISES INC CLASS A,Industrials,490,6.49,,442,7.34,-0.11580381,257,7.585,-0.04052288
491,RKLB,Rocket Lab Corporation - Common Stock,,491,95.12,,493,100.29,-0.0515505,489,101.01,-0.06480791
492,PLUG,PLUG POWER INC,Industrials,492,2.71,,490,2.79,-0.02867384,493,2.84,-0.02105263
493,ENPH,"Enphase Energy, Inc. - Common Stock",,493,47.22,,376,52.41,-0.0990269,398,53.93,0.00248661
494,AXTI,AXT Inc - Common Stock,,494,77.91,,420,92.44,-0.15718304,456,93.715,0.093059
495,PCT,PURECYCLE TECHNOLOGIES INC,Materials,495,8.29,,496,8.34,-0.0059952,491,8.455,-0.04137931
496,MSTR,Strategy Inc - Class A Common Stock,,496,103.84,,494,109.46,-0.05134296,498,110.37,-0.02728161
497,POET,POET Technologies Inc. - Common Shares,,497,10.73,,477,12.09,-0.11248966,473,12.595,-0.00493827
498,FLY,FIREFLY AEROSPACE INC,Industrials,498,27.21,,498,28.96,-0.06042818,497,29.445,-0.06429725
499,LUNR,INTUITIVE MACHINES INC CLASS A,Industrials,499,20.95,,499,21.99,-0.04729422,499,22.045,-0.03763676
